{
	"_meta": {
		"dependencies": {
			"monster": [
				"MM",
				"CoS"
			]
		}
	},
	"monster": [
		{
			"name": "Avacyn",
			"isNamedCreature": true,
			"source": "PSI",
			"page": 26,
			"_copy": {
				"name": "Solar",
				"source": "MM",
				"_mod": {
					"*": {
						"mode": "replaceTxt",
						"replace": "Solar",
						"with": "Avacyn",
						"flags": "i"
					},
					"trait": {
						"mode": "appendArr",
						"items": {
							"name": "Moonsilver Spear",
							"entries": [
								"An angel of the Flight of Moonsilver wields a spear made from a shard of the Helvault. Hit points lost to this weapon's damage can be regained only through a short or long rest, rather than by regeneration, magic, or any other means. Once per turn, when the angel hits a creature with an attack using this weapon, it can wound the target. At the start of each of the wounded creature's turns, it takes {@damage 1d4} necrotic damage for each time the angel has wounded it, and it can then make a {@dc 15} Constitution saving throw, ending the effect of all such wounds on itself on a success. Alternatively, the wounded creature, or a creature within 5 feet of it, can use an action to make a {@dc 15} Wisdom ({@skill Medicine}) check, ending the effect of such wounds on it on a success."
							]
						}
					}
				}
			},
			"hasToken": true,
			"hasFluff": true,
			"hasFluffImages": true
		},
		{
			"name": "Bruna",
			"alias": [
				"Light of Alabaster"
			],
			"isNamedCreature": true,
			"source": "PSI",
			"page": 26,
			"_copy": {
				"name": "Planetar",
				"source": "MM",
				"_mod": {
					"*": {
						"mode": "replaceTxt",
						"replace": "planetar",
						"with": "Bruna",
						"flags": "i"
					},
					"_": {
						"mode": "addSpells",
						"will": [
							"{@spell protection from evil and good}"
						],
						"daily": {
							"1e": [
								"{@spell dispel evil and good}"
							]
						}
					}
				}
			},
			"hasToken": true,
			"hasFluff": true,
			"hasFluffImages": true
		},
		{
			"name": "Creepy Doll",
			"source": "PSI",
			"page": 25,
			"size": [
				"T"
			],
			"type": "construct",
			"alignment": [
				"L",
				"E"
			],
			"ac": [
				12
			],
			"hp": {
				"average": 21,
				"formula": "6d4 + 6"
			},
			"speed": {
				"walk": 40
			},
			"str": 6,
			"dex": 14,
			"con": 13,
			"int": 12,
			"wis": 11,
			"cha": 10,
			"skill": {
				"stealth": "+4"
			},
			"senses": [
				"darkvision 60 ft."
			],
			"passive": 10,
			"resist": [
				{
					"resist": [
						"bludgeoning",
						"piercing",
						"slashing"
					],
					"note": "from nonmagical attacks",
					"cond": true
				}
			],
			"immune": [
				"poison"
			],
			"conditionImmune": [
				"charmed",
				"exhaustion",
				"frightened",
				"paralyzed"
			],
			"languages": [
				"speaks and understands the languages known by its creator"
			],
			"cr": "2",
			"trait": [
				{
					"name": "False Appearance",
					"entries": [
						"While the creepy doll remains motionless, it is indistinguishable from an ordinary, inanimate doll."
					]
				}
			],
			"action": [
				{
					"name": "Multiattack",
					"entries": [
						"The creepy doll makes one attack with its scissors and uses Psychic Assault."
					]
				},
				{
					"name": "Scissors",
					"entries": [
						"{@atk mw} {@hit 4} to hit, reach 5 ft., one target. {@h}7 ({@damage 2d4 + 2}) slashing damage."
					]
				},
				{
					"name": "Psychic Assault",
					"entries": [
						"The creepy doll targets one creature it can see within 10 feet of it that has a brain. The target must succeed on a {@dc 12} Intelligence saving throw or take 11 ({@damage 2d10}) psychic damage. Also on a failure, roll {@dice 3d6}. If the total equals or exceeds the target's Intelligence score, that score is reduced to 0. The target is {@condition stunned} until it regains at least one point of Intelligence, as from the {@spell greater restoration} spell or similar magic."
					]
				},
				{
					"name": "Body Exchange",
					"entries": [
						"The creepy doll initiates an Intelligence contest with an {@condition incapacitated} humanoid within 5 feet of it. If it wins the contest, the creepy doll's spirit inhabits the target's body while the target's spirit is placed into the creepy doll's body. The creepy doll controls the target's body completely. It retains its alignment, Intelligence, Wisdom, Charisma, and immunity to being {@condition charmed} and {@condition frightened}. It otherwise uses the possessed target's statistics, but doesn't gain access to the target's knowledge, class features, or proficiencies. The target retains its alignment, Intelligence, Wisdom, and Charisma while inhabiting the creepy doll's body.",
						"The body exchange lasts until the doll's spirit is forced out by magic. (The {@spell dispel evil and good} spell will accomplish this, though the doll is not one of the creature types whose possession that spell normally ends.) The body and the doll must be within 5 feet of each other for such an effect to work. The target is immune to this doll's Body Exchange for 24 hours after winning the Intelligence contest or after the exchange ends."
					]
				}
			],
			"traitTags": [
				"False Appearance"
			],
			"senseTags": [
				"D"
			],
			"actionTags": [
				"Multiattack"
			],
			"damageTags": [
				"S",
				"Y"
			],
			"miscTags": [
				"MW"
			],
			"conditionInflict": [
				"stunned"
			],
			"savingThrowForced": [
				"intelligence"
			],
			"hasToken": true,
			"hasFluff": true,
			"hasFluffImages": true
		},
		{
			"name": "Demonlord of Ashmouth",
			"source": "PSI",
			"page": 37,
			"_copy": {
				"name": "Horned Devil",
				"source": "MM",
				"_mod": {
					"*": {
						"mode": "replaceTxt",
						"replace": "devil",
						"with": "demon"
					},
					"action": [
						{
							"mode": "replaceArr",
							"replace": "Multiattack",
							"items": {
								"name": "Multiattack",
								"entries": [
									"The demon makes three melee attacks: two with its battleaxe and one with its tail. It can use Hurl Flame in place of any melee attack."
								]
							}
						},
						{
							"mode": "replaceArr",
							"replace": "Fork",
							"items": {
								"name": "Battleaxe",
								"entries": [
									"{@atk mw} {@hit 10} to hit, reach 10 ft., one target. {@h}15 ({@damage 2d8 + 6}) slashing damage, or 17 ({@damage 2d10 + 6}) slashing damage if used with two hands."
								]
							}
						}
					]
				}
			},
			"damageTags": [
				"F",
				"P",
				"S"
			],
			"hasToken": true
		},
		{
			"name": "Flight Alabaster Angel",
			"source": "PSI",
			"page": 26,
			"_copy": {
				"name": "Deva",
				"source": "MM",
				"_mod": {
					"*": {
						"mode": "replaceTxt",
						"replace": "deva",
						"with": "angel"
					},
					"_": {
						"mode": "addSpells",
						"will": [
							"{@spell protection from evil and good}"
						],
						"daily": {
							"1e": [
								"{@spell dispel evil and good}"
							]
						}
					}
				}
			},
			"hasToken": true,
			"hasFluff": true,
			"hasFluffImages": true
		},
		{
			"name": "Flight Goldnight Angel",
			"source": "PSI",
			"page": 26,
			"_copy": {
				"name": "Deva",
				"source": "MM",
				"_mod": {
					"*": {
						"mode": "replaceTxt",
						"replace": "deva",
						"with": "angel"
					},
					"trait": {
						"mode": "appendArr",
						"items": {
							"name": "Goldnight Menace",
							"entries": [
								"As an action, an angel of Flight Goldnight can strike fear into the hearts of its enemies. Each creature of the angel's choice that is within 120 feet of it and is aware of it must succeed on a Wisdom saving throw or become {@condition frightened} for 1 minute. The DC for this saving throw is the same as for the angel's Innate Spellcasting trait. A creature can repeat the saving throw at the end of each of its turns, ending the effect on itself on a success. If a creature's saving throw is successful or the effect ends for it, the creature is immune to that angel's Goldnight Menace for the next 24 hours."
							]
						}
					}
				}
			},
			"cr": "11",
			"hasToken": true,
			"hasFluff": true,
			"hasFluffImages": true
		},
		{
			"name": "Flight of Moonsilver Angel",
			"source": "PSI",
			"page": 26,
			"_copy": {
				"name": "Deva",
				"source": "MM",
				"_mod": {
					"*": {
						"mode": "replaceTxt",
						"replace": "deva",
						"with": "angel"
					},
					"trait": {
						"mode": "appendArr",
						"items": {
							"name": "Moonsilver Spear",
							"entries": [
								"An angel of the Flight of Moonsilver wields a spear made from a shard of the Helvault. Hit points lost to this weapon's damage can be regained only through a short or long rest, rather than by regeneration, magic, or any other means. Once per turn, when the angel hits a creature with an attack using this weapon, it can wound the target. At the start of each of the wounded creature's turns, it takes {@damage 1d4} necrotic damage for each time the angel has wounded it, and it can then make a {@dc 15} Constitution saving throw, ending the effect of all such wounds on itself on a success. Alternatively, the wounded creature, or a creature within 5 feet of it, can use an action to make a {@dc 15} Wisdom ({@skill Medicine}) check, ending the effect of such wounds on it on a success."
							]
						}
					}
				}
			},
			"damageTags": [
				"B",
				"N",
				"R"
			],
			"hasToken": true,
			"hasFluff": true,
			"hasFluffImages": true
		},
		{
			"name": "Geist",
			"source": "PSI",
			"page": 19,
			"size": [
				"M"
			],
			"type": "undead",
			"alignment": [
				"A"
			],
			"ac": [
				11
			],
			"hp": {
				"average": 45,
				"formula": "10d8"
			},
			"speed": {
				"walk": 0,
				"fly": 40
			},
			"str": 7,
			"dex": 13,
			"con": 10,
			"int": 10,
			"wis": 12,
			"cha": 17,
			"senses": [
				"darkvision 60 ft."
			],
			"passive": 11,
			"resist": [
				"acid",
				"fire",
				"lightning",
				"thunder",
				"bludgeoning"
			],
			"immune": [
				"cold",
				"necrotic",
				"poison"
			],
			"conditionImmune": [
				"charmed",
				"exhaustion",
				"frightened",
				"grappled"
			],
			"languages": [
				"any languages it knew in life"
			],
			"cr": "4",
			"trait": [
				{
					"name": "Ethereal Sight",
					"entries": [
						"The geist can see 60 feet into the Ethereal Plane when it is on the Material Plane, and vice versa."
					]
				},
				{
					"name": "Incorporeal Movement",
					"entries": [
						"The geist can move through other creatures and objects as if they were {@quickref difficult terrain||3}. It takes 5 ({@dice 1d10}) force damage if it ends its turn inside an object."
					]
				}
			],
			"action": [
				{
					"name": "Withering Touch",
					"entries": [
						"{@atk mw} {@hit 5} to hit, reach 5 ft., one target {@h}17 ({@damage 4d6 + 3}) necrotic damage."
					]
				},
				{
					"name": "Etherealness",
					"entries": [
						"The geist enters the Ethereal Plane from the Material Plane, or vice versa. It is visible on the Material Plane while it is in the Border Ethereal, and vice versa, yet it can't affect or be affected by anything on the other plane."
					]
				},
				{
					"name": "Possession {@recharge}",
					"entries": [
						"One creature that the geist can see within 5 feet of it must succeed on a {@dc 13} Charisma saving throw or be possessed by the geist; the geist then disappears, and the target is {@condition incapacitated} and loses control of its body. The geist now controls the body but doesn't deprive the target of awareness. The geist can't be targeted by any attack, spell, or other effect, except ones that turn undead, and it retains its alignment, Intelligence, Wisdom, Charisma, and immunity to being {@condition charmed} and {@condition frightened}. It otherwise uses the possessed target's statistics, but doesn't gain access to the target's knowledge, class features, or proficiencies. The possession lasts until the body drops to 0 hit points, the geist ends it as a bonus action, or the geist is turned or forced out by an effect like the {@spell dispel evil and good} spell. When the possession ends, the geist reappears in an unoccupied space within 5 feet of the body. The target is immune to this geist's Possession for 24 hours after succeeding on the saving throw or after the possession ends. The geist can instead target the corpse of a creature, effectively using its own life force to animate the corpse as a zombie. The animated corpse uses zombie statistics and returns to death if the geist ends the possession."
					]
				}
			],
			"variant": [
				{
					"type": "variant",
					"name": "Geist Powers",
					"entries": [
						"Geists are as varied as the humans they were in life. In addition to the traits and actions all geists possess, an individual geist might have any of the following special characteristics.",
						{
							"name": "Intangible Virtue",
							"type": "entries",
							"entries": [
								"A living creature possessed by a white-aligned geist gains immunity to the {@condition charmed} and {@condition frightened} conditions, and resistance to bludgeoning, piercing, and slashing damage from nonmagical attacks. While the creature is possessed, the geist can allow it to take control of its body, but the geist can regain control at any time (no action required)."
							]
						},
						{
							"name": "Horrifying Visage",
							"type": "entries",
							"entries": [
								"Black-aligned geists can make themselves terrible to behold, even when they are possessing the living. Each non-undead creature within 60 feet of the geist that can see it must succeed on a {@dc 13} Wisdom saving throw or be {@condition frightened} for 1 minute. If the save fails by 5 or more, the target also ages {@dice 1d4 × 10} years. A {@condition frightened} target can repeat the saving throw at the end of each of its turns, ending the {@condition frightened} condition on itself on a success. If a target's saving throw is successful or the effect ends for it, the target is immune to this geist's Horrifying Visage for the next 24 hours. The aging effect can be reversed with a {@spell greater restoration} spell, but only within 24 hours of it occurring."
							]
						}
					]
				}
			],
			"traitTags": [
				"Incorporeal Movement"
			],
			"senseTags": [
				"D"
			],
			"languageTags": [
				"LF"
			],
			"damageTags": [
				"N"
			],
			"miscTags": [
				"MW"
			],
			"conditionInflict": [
				"incapacitated"
			],
			"savingThrowForced": [
				"charisma",
				"wisdom"
			],
			"hasToken": true,
			"hasFluff": true,
			"hasFluffImages": true,
			"_versions": [
				{
					"name": "Geist: Horrifying Visage",
					"source": "PSI",
					"_mod": {
						"action": {
							"mode": "appendArr",
							"items": {
								"name": "Horrifying Visage",
								"entries": [
									"Black-aligned geists can make themselves terrible to behold, even when they are possessing the living. Each non-undead creature within 60 feet of the geist that can see it must succeed on a {@dc 13} Wisdom saving throw or be {@condition frightened} for 1 minute. If the save fails by 5 or more, the target also ages {@dice 1d4 × 10} years. A {@condition frightened} target can repeat the saving throw at the end of each of its turns, ending the {@condition frightened} condition on itself on a success. If a target's saving throw is successful or the effect ends for it, the target is immune to this geist's Horrifying Visage for the next 24 hours. The aging effect can be reversed with a {@spell greater restoration} spell, but only within 24 hours of it occurring."
								]
							}
						}
					},
					"variant": null,
					"conditionInflict": [
						"frightened",
						"incapacitated"
					]
				},
				{
					"name": "Geist: Intangible Virtue",
					"source": "PSI",
					"_mod": {
						"trait": {
							"mode": "appendArr",
							"items": {
								"name": "Intangible Virtue",
								"entries": [
									"A living creature possessed by a white-aligned geist gains immunity to the {@condition charmed} and {@condition frightened} conditions, and resistance to bludgeoning, piercing, and slashing damage from nonmagical attacks. While the creature is possessed, the geist can allow it to take control of its body, but the geist can regain control at any time (no action required)."
								]
							}
						}
					},
					"variant": null
				}
			]
		},
		{
			"name": "Gisela",
			"alias": [
				"Blade of Goldnight",
				"Blade of the Church"
			],
			"isNamedCreature": true,
			"source": "PSI",
			"page": 26,
			"_copy": {
				"name": "Planetar",
				"source": "MM",
				"_mod": {
					"*": {
						"mode": "replaceTxt",
						"replace": "Planetar",
						"with": "Gisela",
						"flags": "i"
					},
					"trait": {
						"mode": "appendArr",
						"items": {
							"name": "Goldnight Menace",
							"entries": [
								"As an action, an angel of Flight Goldnight can strike fear into the hearts of its enemies. Each creature of the angel's choice that is within 120 feet of it and is aware of it must succeed on a Wisdom saving throw or become {@condition frightened} for 1 minute. The DC for this saving throw is the same as for the angel's Innate Spellcasting trait. A creature can repeat the saving throw at the end of each of its turns, ending the effect on itself on a success. If a creature's saving throw is successful or the effect ends for it, the creature is immune to that angel's Goldnight Menace for the next 24 hours."
							]
						}
					}
				}
			},
			"hasToken": true,
			"hasFluff": true,
			"hasFluffImages": true
		},
		{
			"name": "Host of Herons Angel",
			"source": "PSI",
			"page": 26,
			"_copy": {
				"name": "Deva",
				"source": "MM",
				"_mod": {
					"*": {
						"mode": "replaceTxt",
						"replace": "deva",
						"with": "angel"
					},
					"trait": {
						"mode": "appendArr",
						"items": {
							"name": "Heron Protection",
							"entries": [
								"Whenever an angel of the Host of Herons or a friendly creature within 10 feet of it makes a saving throw, the creature gains a bonus to the saving throw equal to the angel's Charisma modifier. The angel must be conscious to receive or grant this bonus."
							]
						}
					}
				}
			},
			"hasToken": true,
			"hasFluff": true,
			"hasFluffImages": true
		},
		{
			"name": "Keeper of the Feather",
			"group": null,
			"source": "PSI",
			"page": 40,
			"_copy": {
				"name": "Wereraven",
				"source": "VRGR",
				"_mod": {
					"*": {
						"mode": "replaceTxt",
						"replace": "wereraven",
						"with": "keeper"
					},
					"action": [
						{
							"mode": "replaceArr",
							"replace": "Beak (Raven or Hybrid Form Only)",
							"items": {
								"name": "Beak (Raven or Hybrid Form Only)",
								"entries": [
									"{@atk mw} {@hit 4} to hit, reach 5 ft., one target. {@h}1 piercing damage in raven form, or 4 ({@damage 1d4 + 2}) piercing damage in hybrid form."
								]
							}
						}
					]
				}
			},
			"spellcasting": [
				{
					"name": "Spellcasting",
					"type": "spellcasting",
					"headerEntries": [
						"The keeper is a 4th-level spellcaster. Its spellcasting ability is Wisdom (spell save {@dc 12}, {@hit 4} to hit with spell attacks). It has the following druid spells prepared:"
					],
					"spells": {
						"0": {
							"spells": [
								"{@spell druidcraft}",
								"{@spell produce flame}",
								"{@spell shillelagh}"
							]
						},
						"1": {
							"slots": 4,
							"spells": [
								"{@spell entangle}",
								"{@spell longstrider}",
								"{@spell speak with animals}",
								"{@spell thunderwave}"
							]
						},
						"2": {
							"slots": 3,
							"spells": [
								"{@spell animal messenger}",
								"{@spell barkskin}"
							]
						}
					},
					"ability": "wis"
				}
			],
			"damageTagsSpell": [
				"F",
				"T"
			],
			"spellcastingTags": [
				"CD"
			],
			"savingThrowForcedSpell": [
				"constitution",
				"strength"
			],
			"hasToken": true
		},
		{
			"name": "Necro-Alchemist",
			"alias": [
				"Geistmage"
			],
			"source": "PSI",
			"page": 20,
			"_copy": {
				"name": "Mage",
				"source": "MM",
				"_mod": {
					"*": {
						"mode": "replaceTxt",
						"replace": "mage",
						"with": "Necro-Alchemist",
						"flags": "i"
					}
				}
			},
			"hasToken": true,
			"hasFluff": true,
			"hasFluffImages": true
		},
		{
			"name": "Sigarda",
			"isNamedCreature": true,
			"source": "PSI",
			"page": 26,
			"_copy": {
				"name": "Planetar",
				"source": "MM",
				"_mod": {
					"*": {
						"mode": "replaceTxt",
						"replace": "Planetar",
						"with": "Sigarda",
						"flags": "i"
					},
					"trait": {
						"mode": "appendArr",
						"items": {
							"name": "Heron Protection",
							"entries": [
								"Whenever an angel of the Host of Herons or a friendly creature within 10 feet of it makes a saving throw, the creature gains a bonus to the saving throw equal to the angel's Charisma modifier. The angel must be conscious to receive or grant this bonus."
							]
						}
					}
				}
			},
			"hasToken": true,
			"hasFluff": true,
			"hasFluffImages": true
		},
		{
			"name": "Skaab",
			"source": "PSI",
			"page": 20,
			"_copy": {
				"name": "Flesh Golem",
				"source": "MM",
				"_mod": {
					"*": {
						"mode": "replaceTxt",
						"replace": "golem",
						"with": "skaab",
						"flags": "i"
					}
				}
			},
			"variant": [
				{
					"type": "variant",
					"name": "Skaabs",
					"entries": [
						"The most basic skaabs are simply {@creature flesh golem|MM|flesh golems}, as described in the Monster Manual. But the aspiration of every skaberen is to produce a truly unique masterpiece, a goal that might see a stitcher create golems with one of the following special characteristics.",
						{
							"type": "entries",
							"name": "Armor Plating",
							"page": 20,
							"entries": [
								"Increase the skaab's Armor Class to 14 and increase its challenge rating to 6 (2,300 XP)."
							]
						},
						{
							"name": "Six Arms",
							"type": "entries",
							"entries": [
								"The skaab's multiattack action allows it to make three slam attacks. Increase its challenge rating to 6 (2,300 XP)."
							]
						},
						{
							"name": "Three Heads",
							"type": "entries",
							"entries": [
								"The skaab has advantage on Wisdom ({@skill Perception}) checks and on saving throws against being {@condition blinded}, {@condition deafened}, {@condition stunned}, and knocked {@condition unconscious}. (Its challenge rating doesn't change.)"
							]
						},
						{
							"name": "Skaab Goliath",
							"type": "entries",
							"entries": [
								"This skaab has three heads, six arms, and armor plating. Increase its challenge rating to 7 (2,900 XP)."
							]
						},
						{
							"name": "Winged Skaab",
							"type": "entries",
							"entries": [
								"The skaab has a flying speed of 30 feet."
							]
						}
					]
				}
			],
			"hasToken": true,
			"hasFluff": true,
			"_versions": [
				{
					"name": "Skaab: Armor Plating",
					"source": "PSI",
					"ac": [
						{
							"ac": 14,
							"from": [
								"armor plating"
							]
						}
					],
					"cr": "6",
					"variant": null
				},
				{
					"name": "Skaab: Goliath",
					"source": "PSI",
					"_mod": {
						"trait": {
							"mode": "appendArr",
							"items": {
								"name": "Three Heads",
								"entries": [
									"The skaab has advantage on Wisdom ({@skill Perception}) checks and on saving throws against being {@condition blinded}, {@condition deafened}, {@condition stunned}, and knocked {@condition unconscious}."
								]
							}
						},
						"action": {
							"mode": "replaceArr",
							"replace": "Multiattack",
							"items": {
								"name": "Multiattack",
								"entries": [
									"The skaab makes three slam attacks."
								]
							}
						}
					},
					"ac": [
						{
							"ac": 14,
							"from": [
								"armor plating"
							]
						}
					],
					"cr": "7",
					"variant": null
				},
				{
					"name": "Skaab: Six Arms",
					"source": "PSI",
					"_mod": {
						"action": {
							"mode": "replaceArr",
							"replace": "Multiattack",
							"items": {
								"name": "Multiattack",
								"entries": [
									"The skaab makes three slam attacks."
								]
							}
						}
					},
					"cr": "6",
					"variant": null
				},
				{
					"name": "Skaab: Three Heads",
					"source": "PSI",
					"_mod": {
						"trait": {
							"mode": "appendArr",
							"items": {
								"name": "Three Heads",
								"entries": [
									"The skaab has advantage on Wisdom ({@skill Perception}) checks and on saving throws against being {@condition blinded}, {@condition deafened}, {@condition stunned}, and knocked {@condition unconscious}."
								]
							}
						}
					},
					"variant": null
				},
				{
					"name": "Skaab: Winged",
					"source": "PSI",
					"speed": {
						"walk": 30,
						"fly": 30
					},
					"variant": null
				}
			]
		},
		{
			"name": "Strefan Maurer",
			"isNamedCreature": true,
			"source": "PSI",
			"page": 33,
			"_copy": {
				"name": "Strahd von Zarovich",
				"source": "CoS",
				"_mod": {
					"*": {
						"mode": "replaceTxt",
						"replace": "Strahd",
						"with": "Strefan",
						"flags": "i"
					},
					"trait": {
						"mode": "replaceArr",
						"replace": "Vampire Weaknesses",
						"items": {
							"type": "entries",
							"name": "Vampire Vulnerabilities",
							"source": "PSI",
							"page": 16,
							"entries": [
								"Weapons cut from living wood are particularly effective against vampires, though any weapon can harm or kill them. A vampire can't cross running water that shows the reflection of the moon, and water blessed by Avacyn ({@item Holy Water (flask)|PHB|holy water}) burns vampire flesh like acid. A vampire's reflection in silver (including a silver-backed glass mirror) appears as the vampire would have looked without the vampiric condition\u2014neither its true appearance nor its glamer, but a normal human, flaws and all. For that reason, vampires go to great lengths to avoid mirrors, and the presence of silver in any form is unsettling to them."
							]
						}
					}
				}
			},
			"hasToken": true,
			"hasFluff": true,
			"hasFluffImages": true
		},
		{
			"name": "Vampire Neonate",
			"source": "PSI",
			"page": 17,
			"size": [
				"M"
			],
			"type": "undead",
			"alignment": [
				"N",
				"E"
			],
			"ac": [
				{
					"ac": 15,
					"from": [
						"natural armor"
					]
				}
			],
			"hp": {
				"average": 82,
				"formula": "11d8 + 33"
			},
			"speed": {
				"walk": 30
			},
			"str": 16,
			"dex": 16,
			"con": 16,
			"int": 11,
			"wis": 10,
			"cha": 12,
			"save": {
				"dex": "+6",
				"wis": "+3"
			},
			"skill": {
				"perception": "+3",
				"stealth": "+6"
			},
			"senses": [
				"darkvision 60 ft."
			],
			"passive": 13,
			"resist": [
				"necrotic",
				{
					"resist": [
						"bludgeoning",
						"piercing",
						"slashing"
					],
					"note": "from nonmagical attacks not made with living wood weapons",
					"cond": true
				}
			],
			"languages": [
				"Common"
			],
			"cr": "5",
			"trait": [
				{
					"name": "Regeneration",
					"entries": [
						"The vampire regains 10 hit points at the start of its turn if it has at least 1 hit point. If the vampire takes radiant damage or damage from holy water, this trait doesn't function at the start of the vampire's next turn."
					]
				}
			],
			"action": [
				{
					"name": "Multiattack",
					"entries": [
						"The vampire makes two attacks, only one of which can be a bite attack."
					]
				},
				{
					"name": "Claws",
					"entries": [
						"{@atk mw} {@hit 6} to hit, reach 5 ft., one creature. {@h}8 ({@damage 2d4 + 3}) slashing damage. Instead of dealing damage, the vampire can grapple the target (escape {@dc 13})."
					]
				},
				{
					"name": "Bite",
					"entries": [
						"{@atk mw} {@hit 6} to hit, reach 5 ft., one willing creature, or a creature that is {@condition grappled} by the vampire, {@condition incapacitated}, or {@condition restrained}. {@h}6 ({@damage 1d6 + 3}) piercing damage plus 7 ({@damage 2d6}) necrotic damage. The target's hit point maximum is reduced by an amount equal to the necrotic damage taken, and the vampire regains hit points equal to that amount. The reduction lasts until the target finishes a long rest. The target dies if this effect reduces its hit point maximum to 0."
					]
				},
				{
					"name": "Vampiric Glamer",
					"entries": [
						"The vampire obscures its form with mind-affecting magic that makes others perceive it as a beautiful human of the same size and shape. The illusion ends if the vampire takes a bonus action to end it or if the vampire dies. A creature that can see the vampire can take an action to visually inspect it, ending the mental effect on itself and seeing the vampire's true form with a successful {@dc 20} Wisdom ({@skill Perception}) check."
					]
				},
				{
					"name": "Aura of Silence",
					"entries": [
						"The vampire shrouds itself in a cloak of silence to a radius of 2 feet. Within that radius, the effect is the same as the {@spell silence} spell."
					]
				}
			],
			"variant": [
				{
					"type": "variant",
					"name": "Elder Vampires",
					"entries": [
						"The basic vampire statistics represent a \"neonate\"\u2014a newly spawned vampire. Older vampires can learn powerful magic of many different kinds, and might have any of the following traits and abilities.",
						{
							"type": "entries",
							"name": "Shapechanger",
							"entries": [
								"The vampire has the Shapechanger trait of the {@creature vampire} in the Monster Manual, as well as the shapechanger tag. Some vampires can turn into bat form, some can assume mist form, and a few can choose either form."
							]
						},
						{
							"type": "entries",
							"name": "Charm",
							"entries": [
								"The vampire has the Charm action of the {@creature vampire} in the Monster Manual."
							]
						},
						{
							"type": "entries",
							"name": "Flight",
							"entries": [
								"The vampire has a flying speed of 30 feet."
							]
						},
						{
							"type": "entries",
							"name": "Gorger",
							"entries": [
								"The vampire has advantage on melee attack rolls, but attack rolls against it have advantage."
							]
						},
						{
							"type": "entries",
							"name": "Spellcasting",
							"entries": [
								"The vampire has the spellcasting abilities of a wizard or cleric."
							]
						}
					]
				}
			],
			"traitTags": [
				"Regeneration"
			],
			"senseTags": [
				"D"
			],
			"actionTags": [
				"Multiattack"
			],
			"languageTags": [
				"C"
			],
			"damageTags": [
				"N",
				"P",
				"S"
			],
			"miscTags": [
				"HPR",
				"MW"
			],
			"hasToken": true,
			"hasFluff": true,
			"hasFluffImages": true,
			"_versions": [
				{
					"name": "Elder Vampire: All Abilities",
					"source": "PSI",
					"_mod": {
						"trait": {
							"mode": "appendArr",
							"items": [
								{
									"name": "Shapechanger",
									"entries": [
										"If the vampire isn't in sunlight or running water, it can use its action to polymorph into a Tiny bat or a Medium cloud of mist, or back into its true form.",
										"While in bat form, the vampire can't speak, its walking speed is 5 feet, and it has a flying speed of 30 feet. Its statistics, other than its size and speed, are unchanged. Anything it is wearing transforms with it, but nothing it is carrying does. It reverts to its true form if it dies.",
										"While in mist form, the vampire can't take any actions, speak, or manipulate objects. It is weightless, has a flying speed of 20 feet, can hover, and can enter a hostile creature's space and stop there. In addition, if air can pass through a space, the mist can do so without squeezing, and it can't pass through water. It has advantage on Strength, Dexterity, and Constitution saving throws, and it is immune to all nonmagical damage, except the damage it takes from sunlight."
									]
								},
								{
									"name": "Gorger",
									"entries": [
										"The vampire has advantage on melee attack rolls, but attack rolls against it have advantage."
									]
								}
							]
						},
						"action": {
							"mode": "appendArr",
							"items": {
								"name": "Charm",
								"entries": [
									"The vampire targets one humanoid it can see within 30 feet of it. If the target can see the vampire, the target must succeed on a {@dc 17} Wisdom saving throw against this magic or be {@condition charmed} by the vampire. The {@condition charmed} target regards the vampire as a trusted friend to be heeded and protected. Although the target isn't under the vampire's control, it takes the vampire's requests or actions in the most favorable way it can, and it is a willing target for the vampire's bite attack.",
									"Each time the vampire or the vampire's companions do anything harmful to the target, it can repeat the saving throw, ending the effect on itself on a success. Otherwise, the effect lasts 24 hours or until the vampire is destroyed, is on a different plane of existence than the target, or takes a bonus action to end the effect."
								]
							}
						}
					},
					"type": {
						"type": "undead",
						"tags": [
							"shapechanger"
						]
					},
					"speed": {
						"walk": 30,
						"fly": 30
					},
					"spellcasting": [
						{
							"name": "Cleric Spellcasting",
							"headerEntries": [
								"{@note The {@creature Priest|MM} has been used as an example Cleric.}",
								"The vampire is a 5th-level spellcaster. Its spellcasting ability is Wisdom (spell save {@dc 13}, {@hit 5} to hit with spell attacks). The vampire has the following cleric spells prepared:"
							],
							"spells": {
								"0": {
									"spells": [
										"{@spell light}",
										"{@spell sacred flame}",
										"{@spell thaumaturgy}"
									]
								},
								"1": {
									"slots": 4,
									"spells": [
										"{@spell cure wounds}",
										"{@spell guiding bolt}",
										"{@spell sanctuary}"
									]
								},
								"2": {
									"slots": 3,
									"spells": [
										"{@spell lesser restoration}",
										"{@spell spiritual weapon}"
									]
								},
								"3": {
									"slots": 2,
									"spells": [
										"{@spell dispel magic}",
										"{@spell spirit guardians}"
									]
								}
							},
							"ability": "wis"
						},
						{
							"name": "Wizard Spellcasting",
							"headerEntries": [
								"{@note The {@creature Mage|MM} has been used as an example Wizard.}",
								"The vampire is a 9th-level spellcaster. Its spellcasting ability is Intelligence (spell save {@dc 14}, {@hit 6} to hit with spell attacks). The vampire has the following wizard spells prepared:"
							],
							"spells": {
								"0": {
									"spells": [
										"{@spell fire bolt}",
										"{@spell light}",
										"{@spell mage hand}",
										"{@spell prestidigitation}"
									]
								},
								"1": {
									"slots": 4,
									"spells": [
										"{@spell detect magic}",
										"{@spell mage armor}",
										"{@spell magic missile}",
										"{@spell shield}"
									]
								},
								"2": {
									"slots": 3,
									"spells": [
										"{@spell misty step}",
										"{@spell suggestion}"
									]
								},
								"3": {
									"slots": 3,
									"spells": [
										"{@spell counterspell}",
										"{@spell fireball}",
										"{@spell fly}"
									]
								},
								"4": {
									"slots": 3,
									"spells": [
										"{@spell greater invisibility}",
										"{@spell ice storm}"
									]
								},
								"5": {
									"slots": 1,
									"spells": [
										"{@spell cone of cold}"
									]
								}
							},
							"ability": "int"
						}
					],
					"variant": null
				},
				{
					"name": "Elder Vampire: Charm",
					"source": "PSI",
					"_mod": {
						"action": {
							"mode": "appendArr",
							"items": {
								"name": "Charm",
								"entries": [
									"The vampire targets one humanoid it can see within 30 feet of it. If the target can see the vampire, the target must succeed on a {@dc 17} Wisdom saving throw against this magic or be {@condition charmed} by the vampire. The {@condition charmed} target regards the vampire as a trusted friend to be heeded and protected. Although the target isn't under the vampire's control, it takes the vampire's requests or actions in the most favorable way it can, and it is a willing target for the vampire's bite attack.",
									"Each time the vampire or the vampire's companions do anything harmful to the target, it can repeat the saving throw, ending the effect on itself on a success. Otherwise, the effect lasts 24 hours or until the vampire is destroyed, is on a different plane of existence than the target, or takes a bonus action to end the effect."
								]
							}
						}
					},
					"variant": null
				},
				{
					"name": "Elder Vampire: Flight",
					"source": "PSI",
					"speed": {
						"walk": 30,
						"fly": 30
					},
					"variant": null
				},
				{
					"name": "Elder Vampire: Gorger",
					"source": "PSI",
					"_mod": {
						"trait": {
							"mode": "appendArr",
							"items": {
								"name": "Gorger",
								"entries": [
									"The vampire has advantage on melee attack rolls, but attack rolls against it have advantage."
								]
							}
						}
					},
					"variant": null
				},
				{
					"name": "Elder Vampire: Shapechanger",
					"source": "PSI",
					"_mod": {
						"trait": {
							"mode": "appendArr",
							"items": {
								"name": "Shapechanger",
								"entries": [
									"If the vampire isn't in sunlight or running water, it can use its action to polymorph into a Tiny bat or a Medium cloud of mist, or back into its true form.",
									"While in bat form, the vampire can't speak, its walking speed is 5 feet, and it has a flying speed of 30 feet. Its statistics, other than its size and speed, are unchanged. Anything it is wearing transforms with it, but nothing it is carrying does. It reverts to its true form if it dies.",
									"While in mist form, the vampire can't take any actions, speak, or manipulate objects. It is weightless, has a flying speed of 20 feet, can hover, and can enter a hostile creature's space and stop there. In addition, if air can pass through a space, the mist can do so without squeezing, and it can't pass through water. It has advantage on Strength, Dexterity, and Constitution saving throws, and it is immune to all nonmagical damage, except the damage it takes from sunlight."
								]
							}
						}
					},
					"type": {
						"type": "undead",
						"tags": [
							"shapechanger"
						]
					},
					"variant": null
				},
				{
					"name": "Elder Vampire: Spellcasting\u2014Cleric",
					"source": "PSI",
					"spellcasting": [
						{
							"name": "Spellcasting",
							"headerEntries": [
								"{@note The {@creature Priest|MM} has been used as an example Cleric.}",
								"The vampire is a 5th-level spellcaster. Its spellcasting ability is Wisdom (spell save {@dc 13}, {@hit 5} to hit with spell attacks). The vampire has the following cleric spells prepared:"
							],
							"spells": {
								"0": {
									"spells": [
										"{@spell light}",
										"{@spell sacred flame}",
										"{@spell thaumaturgy}"
									]
								},
								"1": {
									"slots": 4,
									"spells": [
										"{@spell cure wounds}",
										"{@spell guiding bolt}",
										"{@spell sanctuary}"
									]
								},
								"2": {
									"slots": 3,
									"spells": [
										"{@spell lesser restoration}",
										"{@spell spiritual weapon}"
									]
								},
								"3": {
									"slots": 2,
									"spells": [
										"{@spell dispel magic}",
										"{@spell spirit guardians}"
									]
								}
							},
							"ability": "wis"
						}
					],
					"variant": null
				},
				{
					"name": "Elder Vampire: Spellcasting\u2014Wizard",
					"source": "PSI",
					"spellcasting": [
						{
							"name": "Spellcasting",
							"headerEntries": [
								"{@note The {@creature Mage|MM} has been used as an example Wizard.}",
								"The vampire is a 9th-level spellcaster. Its spellcasting ability is Intelligence (spell save {@dc 14}, {@hit 6} to hit with spell attacks). The vampire has the following wizard spells prepared:"
							],
							"spells": {
								"0": {
									"spells": [
										"{@spell fire bolt}",
										"{@spell light}",
										"{@spell mage hand}",
										"{@spell prestidigitation}"
									]
								},
								"1": {
									"slots": 4,
									"spells": [
										"{@spell detect magic}",
										"{@spell mage armor}",
										"{@spell magic missile}",
										"{@spell shield}"
									]
								},
								"2": {
									"slots": 3,
									"spells": [
										"{@spell misty step}",
										"{@spell suggestion}"
									]
								},
								"3": {
									"slots": 3,
									"spells": [
										"{@spell counterspell}",
										"{@spell fireball}",
										"{@spell fly}"
									]
								},
								"4": {
									"slots": 3,
									"spells": [
										"{@spell greater invisibility}",
										"{@spell ice storm}"
									]
								},
								"5": {
									"slots": 1,
									"spells": [
										"{@spell cone of cold}"
									]
								}
							},
							"ability": "int"
						}
					],
					"variant": null
				}
			]
		},
		{
			"name": "Werewolf (Krallenhorde)",
			"source": "PSI",
			"page": 15,
			"size": [
				"M"
			],
			"type": {
				"type": "humanoid",
				"tags": [
					"human",
					"shapechanger"
				]
			},
			"alignment": [
				"C",
				"E"
			],
			"ac": [
				{
					"ac": 11,
					"condition": "in humanoid form"
				},
				{
					"ac": 12,
					"from": [
						"natural armor"
					],
					"condition": "in canid form"
				}
			],
			"hp": {
				"average": 58,
				"formula": "9d8 + 18"
			},
			"speed": {
				"walk": {
					"number": 30,
					"condition": "(40 ft. in canid form)"
				}
			},
			"str": 15,
			"dex": 13,
			"con": 14,
			"int": 10,
			"wis": 11,
			"cha": 10,
			"skill": {
				"perception": "+4",
				"stealth": "+3"
			},
			"passive": 14,
			"immune": [
				{
					"immune": [
						"bludgeoning",
						"piercing",
						"slashing"
					],
					"note": "from nonmagical attacks not made with silvered weapons",
					"cond": true
				}
			],
			"languages": [
				"Common (can't speak in canid form)"
			],
			"cr": "3",
			"trait": [
				{
					"name": "Shapechanger",
					"entries": [
						"The werewolf polymorphs into a wolf-humanoid canid form, or back into its true human form. This change is dictated by the moon, but can also be induced by trauma or strong emotion. Its statistics, other than its AC, are the same in each form. Any equipment it is wearing or carrying isn't transformed. It reverts to its true form if it dies."
					]
				},
				{
					"name": "Keen Hearing and Smell",
					"entries": [
						"The werewolf has advantage on Wisdom ({@skill Perception}) checks that rely on hearing or smell."
					]
				},
				{
					"name": "Howlpack: Vildin",
					"entries": [
						"Vildin Rampage (Canid Form Only). When the werewolf reduces a creature to 0 hit points with a melee attack on its turn, it can take a bonus action to move up to half its speed and make a bite attack."
					]
				}
			],
			"action": [
				{
					"name": "Multiattack (Canid Form Only)",
					"entries": [
						"The werewolf makes two attacks: one with its bite and one with its claws or spear."
					]
				},
				{
					"name": "Bite (Canid Form Only)",
					"entries": [
						"{@atk mw} {@hit 4} to hit, reach 5 ft., one target. {@h}6 ({@damage 1d8 + 2}) piercing damage."
					]
				},
				{
					"name": "Claws (Canid Form Only)",
					"entries": [
						"{@atk mw} {@hit 4} to hit, reach 5 ft., one target. {@h}7 ({@damage 2d4 + 2}) slashing damage."
					]
				},
				{
					"name": "Spear (Human Form Only)",
					"entries": [
						"{@atk mw,rw} {@hit 4} to hit, reach 5 ft. or range 20/60 ft., one target. {@h}5 ({@damage 1d6 + 2}) piercing damage, or 6 ({@damage 1d8 + 2}) piercing damage if used with two hands to make a melee attack."
					]
				}
			],
			"variant": [
				{
					"type": "variant",
					"name": "Howlpack Traits",
					"entries": [
						"The basic werewolf statistics represent a member of the Krallenhorde, Innistrad's largest howlpack. Werewolves of other packs might have additional abilities such as the following.",
						{
							"name": "Vildin Rampage (Canid Form Only)",
							"type": "entries",
							"entries": [
								"When the werewolf reduces a creature to 0 hit points with a melee attack on its turn, it can take a bonus action to move up to half its speed and make a bite attack."
							]
						},
						{
							"name": "Mondronen Wounded Fury",
							"type": "entries",
							"entries": [
								"While it has 10 hit points or fewer, the werewolf has advantage on attack rolls. In addition, it deals an extra 7 ({@damage 2d6}) damage to any target it hits with a melee attack."
							]
						},
						{
							"name": "Leeraug Blood Frenzy",
							"type": "entries",
							"entries": [
								"The werewolf has advantage on melee attack rolls against any creature that doesn't have all its hit points."
							]
						}
					]
				}
			],
			"attachedItems": [
				"spear|phb"
			],
			"traitTags": [
				"Keen Senses",
				"Shapechanger"
			],
			"actionTags": [
				"Multiattack"
			],
			"languageTags": [
				"C",
				"CS"
			],
			"damageTags": [
				"P",
				"S"
			],
			"miscTags": [
				"MLW",
				"MW",
				"RW",
				"THW"
			],
			"hasToken": true,
			"hasFluff": true,
			"hasFluffImages": true,
			"_versions": [
				{
					"name": "Werewolf (Leeraug)",
					"source": "PSI",
					"_mod": {
						"trait": {
							"mode": "appendArr",
							"items": {
								"name": "Leeraug Blood Frenzy",
								"entries": [
									"The werewolf has advantage on melee attack rolls against any creature that doesn't have all its hit points."
								]
							}
						}
					},
					"variant": null
				},
				{
					"name": "Werewolf (Mondronen)",
					"source": "PSI",
					"_mod": {
						"trait": {
							"mode": "appendArr",
							"items": {
								"name": "Mondronen Wounded Fury",
								"entries": [
									"While it has 10 hit points or fewer, the werewolf has advantage on attack rolls. In addition, it deals an extra 7 ({@damage 2d6}) damage to any target it hits with a melee attack."
								]
							}
						}
					},
					"variant": null
				},
				{
					"name": "Werewolf (Vildin)",
					"source": "PSI",
					"_mod": {
						"trait": {
							"mode": "appendArr",
							"items": {
								"name": "Vildin Rampage (Canid Form Only)",
								"entries": [
									"When the werewolf reduces a creature to 0 hit points with a melee attack on its turn, it can take a bonus action to move up to half its speed and make a bite attack."
								]
							}
						}
					},
					"variant": null
				}
			]
		},
		{
			"name": "Zombie Cat",
			"source": "PSI",
			"page": 17,
			"_copy": {
				"name": "Cat",
				"source": "MM"
			},
			"type": "undead",
			"trait": [
				{
					"name": "Undead Fortitude",
					"entries": [
						"If damage reduces the cat to 0 hit points, it must make a Constitution saving throw with a DC of 5 + the damage taken, unless the damage is radiant or from a critical hit. On a success, the cat drops to 1 hit point instead."
					]
				}
			],
			"traitTags": [
				"Undead Fortitude"
			],
			"hasToken": true,
			"hasFluff": true,
			"hasFluffImages": true
		},
		{
			"name": "Zombie Rat",
			"source": "PSI",
			"page": 17,
			"_copy": {
				"name": "Rat",
				"source": "MM"
			},
			"type": "undead",
			"trait": [
				{
					"name": "Undead Fortitude",
					"entries": [
						"If damage reduces the rat to 0 hit points, it must make a Constitution saving throw with a DC of 5 + the damage taken, unless the damage is radiant or from a critical hit. On a success, the rat drops to 1 hit point instead."
					]
				}
			],
			"traitTags": [
				"Undead Fortitude"
			],
			"hasToken": true,
			"hasFluff": true,
			"hasFluffImages": true
		},
		{
			"name": "Zombie Snake",
			"source": "PSI",
			"page": 17,
			"_copy": {
				"name": "Poisonous Snake",
				"source": "MM"
			},
			"type": "undead",
			"trait": [
				{
					"name": "Undead Fortitude",
					"entries": [
						"If damage reduces the snake to 0 hit points, it must make a Constitution saving throw with a DC of 5 + the damage taken, unless the damage is radiant or from a critical hit. On a success, the snake drops to 1 hit point instead."
					]
				}
			],
			"traitTags": [
				"Undead Fortitude"
			],
			"hasToken": true,
			"hasFluff": true,
			"hasFluffImages": true
		}
	]
}
