{
	"monster": [
		{
			"name": "Archon of Boundaries",
			"source": "MCV4EC",
			"size": [
				"H"
			],
			"type": "celestial",
			"alignment": [
				"L",
				"G"
			],
			"alignmentPrefix": "typically ",
			"ac": [
				{
					"ac": 17,
					"from": [
						"natural armor"
					]
				}
			],
			"hp": {
				"average": 195,
				"formula": "17d12 + 85"
			},
			"speed": {
				"walk": 60,
				"fly": 90
			},
			"str": 23,
			"dex": 17,
			"con": 20,
			"int": 14,
			"wis": 18,
			"cha": 18,
			"save": {
				"con": "+10",
				"wis": "+9"
			},
			"skill": {
				"insight": "+9",
				"perception": "+9"
			},
			"senses": [
				"darkvision 120 ft."
			],
			"passive": 19,
			"resist": [
				"radiant"
			],
			"conditionImmune": [
				"exhaustion"
			],
			"languages": [
				"understands Common and Celestial but can't speak"
			],
			"cr": "15",
			"spellcasting": [
				{
					"name": "Spellcasting",
					"type": "spellcasting",
					"headerEntries": [
						"The archon casts one of the following spells, using Charisma as the spellcasting ability:"
					],
					"daily": {
						"1e": [
							"{@spell daylight}",
							"{@spell lesser restoration}"
						]
					},
					"ability": "cha",
					"displayAs": "action"
				}
			],
			"trait": [
				{
					"name": "Legendary Resistance (3/Day)",
					"entries": [
						"If the archon fails a saving throw, it can choose to succeed instead."
					]
				},
				{
					"name": "Magic Resistance",
					"entries": [
						"The archon has advantage on saving throws against spells and other magical effects."
					]
				}
			],
			"action": [
				{
					"name": "Multiattack",
					"entries": [
						"The archon makes one Hooves attack and one Radiant Lance attack."
					]
				},
				{
					"name": "Hooves",
					"entries": [
						"{@atk mw} {@hit 11} to hit, reach 5 ft., one target. {@h}20 ({@damage 4d6 + 6}) bludgeoning damage plus 10 ({@damage 3d6}) radiant damage. If the target is a Medium or smaller creature, it must succeed on a {@dc 19} Strength saving throw or have the {@condition prone} condition."
					]
				},
				{
					"name": "Radiant Lance",
					"entries": [
						"{@atk mw} {@hit 11} to hit, reach 10 ft., one target. {@h}12 ({@damage 1d12 + 6}) piercing damage plus 28 ({@damage 8d6}) radiant damage, and the target is marked until the start of the archon's next turn. While it is marked, the target has disadvantage on attack rolls against creatures other than the archon."
					]
				}
			],
			"reactionHeader": [
				"The archon can take up to three reactions per round but only one per turn."
			],
			"reaction": [
				{
					"name": "Archon's Pursuit",
					"entries": [
						"When a creature marked by the archon's Radiant Lance ends its turn within 120 feet of the archon, the archon teleports to an unoccupied space it can see within 5 feet of the creature."
					]
				},
				{
					"name": "Haunting Radiance",
					"entries": [
						"Immediately after a creature within 120 feet of the archon forces it to make a saving throw, the archon responds with a burst of light. The creature must succeed on a {@dc 17} Constitution saving throw or have the {@condition blinded} condition until the end of the creature's next turn."
					]
				},
				{
					"name": "Parry",
					"entries": [
						"The archon adds 5 to its AC against one melee attack that would hit it, provided it can see the attacker."
					]
				}
			],
			"traitTags": [
				"Legendary Resistances",
				"Magic Resistance"
			],
			"senseTags": [
				"SD"
			],
			"actionTags": [
				"Multiattack",
				"Parry"
			],
			"languageTags": [
				"C",
				"CE",
				"CS"
			],
			"damageTags": [
				"B",
				"P",
				"R"
			],
			"spellcastingTags": [
				"O"
			],
			"miscTags": [
				"MLW",
				"MW",
				"RCH"
			],
			"savingThrowForced": [
				"constitution",
				"strength"
			],
			"hasToken": true,
			"hasFluff": true,
			"hasFluffImages": true
		},
		{
			"name": "Beanstalk Wurm",
			"source": "MCV4EC",
			"size": [
				"G"
			],
			"type": "monstrosity",
			"alignment": [
				"U"
			],
			"ac": [
				{
					"ac": 16,
					"from": [
						"natural armor"
					]
				}
			],
			"hp": {
				"average": 231,
				"formula": "14d20 + 84"
			},
			"speed": {
				"walk": 50,
				"climb": 50
			},
			"str": 27,
			"dex": 18,
			"con": 22,
			"int": 4,
			"wis": 14,
			"cha": 10,
			"save": {
				"str": "+14",
				"con": "+12"
			},
			"passive": 12,
			"cr": "18",
			"trait": [
				{
					"name": "False Appearance",
					"entries": [
						"If the wurm is motionless at the start of combat, it has advantage on its initiative roll. Moreover, if a creature hasn't observed the wurm move or act, that creature must succeed on a {@dc 18} Intelligence ({@skill Investigation}) check to discern that the wurm is animate."
					]
				},
				{
					"name": "Leafy Handholds",
					"entries": [
						"Creatures have advantage on ability checks made to climb the wurm."
					]
				},
				{
					"name": "Legendary Resistance (3/Day)",
					"entries": [
						"If the wurm fails a saving throw, it can choose to succeed instead."
					]
				},
				{
					"name": "Regeneration",
					"entries": [
						"The wurm regains 20 hit points at the start of its turn if it has at least 1 hit point. If the wurm takes fire or lightning damage, this trait doesn't function at the start of the wurm's next turn."
					]
				}
			],
			"action": [
				{
					"name": "Multiattack",
					"entries": [
						"The wurm makes two Bite attacks."
					]
				},
				{
					"name": "Bite",
					"entries": [
						"{@atk mw} {@hit 14} to hit, reach 15 ft., one target. {@h}30 ({@damage 5d8 + 8}) piercing damage. If the target is a Large or smaller creature, it must succeed on a {@dc 22} Dexterity saving throw or be swallowed by the wurm. A swallowed creature has the {@condition restrained} condition, has total cover against attacks and other effects outside the wurm, and takes 28 ({@damage 8d6}) piercing damage at the start of each of the wurm's turns from thorns in the wurm's gullet.",
						"The wurm's stomach can hold up to two creatures at a time. If the wurm takes 30 damage or more on a single turn from a creature inside it, the wurm must succeed on a {@dc 22} Constitution saving throw at the end of that turn or regurgitate all swallowed creatures, each of which falls in a space within 10 feet of the wurm and has the {@condition prone} condition. If the wurm dies, a swallowed creature no longer has the {@condition restrained} condition and can escape from the corpse by using 10 feet of movement, exiting with the {@condition prone} condition."
					]
				}
			],
			"traitTags": [
				"False Appearance",
				"Legendary Resistances",
				"Regeneration"
			],
			"actionTags": [
				"Multiattack",
				"Swallow"
			],
			"damageTags": [
				"P"
			],
			"miscTags": [
				"MW",
				"RCH"
			],
			"savingThrowForced": [
				"constitution",
				"dexterity"
			],
			"hasToken": true,
			"hasFluff": true,
			"hasFluffImages": true
		},
		{
			"name": "Deathless Rider",
			"source": "MCV4EC",
			"size": [
				"M"
			],
			"type": "undead",
			"alignment": [
				"L",
				"E"
			],
			"alignmentPrefix": "typically ",
			"ac": [
				{
					"ac": 18,
					"from": [
						"{@item chain mail|PHB}",
						"{@item shield|PHB}"
					]
				}
			],
			"hp": {
				"average": 84,
				"formula": "13d8 + 26"
			},
			"speed": {
				"walk": 20
			},
			"str": 18,
			"dex": 10,
			"con": 14,
			"int": 6,
			"wis": 6,
			"cha": 5,
			"save": {
				"str": "+7",
				"con": "+5"
			},
			"skill": {
				"athletics": "+7",
				"perception": "+1"
			},
			"senses": [
				"darkvision 60 ft."
			],
			"passive": 11,
			"resist": [
				"necrotic"
			],
			"immune": [
				"poison"
			],
			"conditionImmune": [
				"exhaustion",
				"poisoned"
			],
			"languages": [
				"understands the languages it knew in life but can't speak"
			],
			"cr": "5",
			"trait": [
				{
					"name": "Mounted Adept",
					"entries": [
						"While mounted and without the {@condition incapacitated} condition, the rider has advantage on melee attack rolls against any unmounted creature smaller than its mount, the rider and its mount have advantage on Dexterity saving throws, and the rider can force an attack targeted at its mount to target the rider instead."
					]
				},
				{
					"name": "Undead Fortitude",
					"entries": [
						"If damage reduces the rider to 0 hit points, it must make a Constitution saving throw with a DC equal to 5 + the damage taken, unless the damage is radiant or from a critical hit. On a success, the rider drops to 1 hit point instead."
					]
				}
			],
			"action": [
				{
					"name": "Multiattack",
					"entries": [
						"The rider makes two Axe attacks. It can replace one of these attacks with Fell Glare."
					]
				},
				{
					"name": "Axe",
					"entries": [
						"{@atk mw} {@hit 7} to hit, reach 5 ft., one target. {@h}13 ({@damage 2d8 + 4}) slashing damage."
					]
				},
				{
					"name": "Fell Glare",
					"entries": [
						"The rider gazes at a creature within 30 feet of itself. The creature must succeed on a {@dc 13} Wisdom saving throw or have the {@condition frightened} condition for 1 minute. The {@condition frightened} creature can repeat the saving throw at the end of each of its turns, with disadvantage if it can see the rider, ending the condition on itself on a success."
					]
				}
			],
			"traitTags": [
				"Undead Fortitude"
			],
			"senseTags": [
				"D"
			],
			"actionTags": [
				"Multiattack"
			],
			"languageTags": [
				"CS",
				"LF"
			],
			"damageTags": [
				"S"
			],
			"miscTags": [
				"MW"
			],
			"conditionInflict": [
				"frightened"
			],
			"savingThrowForced": [
				"wisdom"
			],
			"hasToken": true,
			"hasFluff": true,
			"hasFluffImages": true
		},
		{
			"name": "Dunbarrow Witch",
			"source": "MCV4EC",
			"size": [
				"M"
			],
			"type": {
				"type": "humanoid",
				"tags": [
					"human"
				]
			},
			"alignment": [
				"N",
				"E"
			],
			"alignmentPrefix": "typically ",
			"ac": [
				12,
				{
					"ac": 15,
					"condition": "with {@spell mage armor}",
					"braces": true
				}
			],
			"hp": {
				"average": 72,
				"formula": "16d8"
			},
			"speed": {
				"walk": 30
			},
			"str": 12,
			"dex": 14,
			"con": 11,
			"int": 16,
			"wis": 15,
			"cha": 20,
			"save": {
				"wis": "+5",
				"cha": "+8"
			},
			"skill": {
				"arcana": "+6",
				"nature": "+6"
			},
			"passive": 12,
			"languages": [
				"Common",
				"Sylvan",
				"and any one language"
			],
			"cr": "5",
			"spellcasting": [
				{
					"name": "Spellcasting",
					"type": "spellcasting",
					"headerEntries": [
						"The witch casts one of the following spells, using Charisma as the spellcasting ability (spell save {@dc 16}):"
					],
					"will": [
						"{@spell mage armor} (self only)",
						"{@spell prestidigitation}"
					],
					"daily": {
						"2e": [
							"{@spell animal messenger}",
							"{@spell charm person}",
							"{@spell Tasha's hideous laughter}"
						],
						"1e": [
							"{@spell bestow curse}",
							"{@spell dispel magic}"
						]
					},
					"ability": "cha",
					"displayAs": "action"
				}
			],
			"action": [
				{
					"name": "Multiattack",
					"entries": [
						"The witch makes two Poison Dagger attacks. It can replace one of these attacks with Spellcasting."
					]
				},
				{
					"name": "Poison Dagger",
					"entries": [
						"{@atk mw,rw} {@hit 5} to hit, reach 5 ft. or range 20/60 ft., one target. {@h}4 ({@damage 1d4 + 2}) piercing damage plus 21 ({@damage 6d6}) poison damage."
					]
				},
				{
					"name": "Polymorph Concoction (1/Day)",
					"entries": [
						"The witch hurls a bottle of liquid at a point up to 20 feet away from itself, which shatters into a cloud of magical smoke that fills a 10-foot-radius sphere. Each creature in that area must succeed on a {@dc 16} Wisdom saving throw or transform into a creature, as if under the effects of a {@spell polymorph} spell, transforming into one of the following forms (roll a {@dice d4}): 1, bat; 2, frog; 3, lizard; or 4, rat. This transformation lasts for 1 hour or until the creature drops to 0 hit points in its new form."
					]
				},
				{
					"name": "Shattered Shards",
					"entries": [
						"The witch targets a point it can see within 30 feet of itself. The air there magically solidifies into a mirrorlike pane, then shatters in a 15-foot cone originating from that point. Each creature in that area must make a {@dc 16} Dexterity saving throw, taking 25 ({@damage 10d4}) force damage on a failed save, or half as much damage on a successful one."
					]
				}
			],
			"actionTags": [
				"Multiattack"
			],
			"languageTags": [
				"C",
				"S",
				"X"
			],
			"damageTags": [
				"I",
				"O",
				"P"
			],
			"damageTagsSpell": [
				"N"
			],
			"spellcastingTags": [
				"O"
			],
			"miscTags": [
				"AOE",
				"MLW",
				"MW",
				"RW",
				"THW"
			],
			"conditionInflictSpell": [
				"charmed",
				"incapacitated",
				"prone"
			],
			"savingThrowForced": [
				"dexterity",
				"wisdom"
			],
			"savingThrowForcedSpell": [
				"wisdom"
			],
			"hasToken": true,
			"hasFluff": true,
			"hasFluffImages": true
		},
		{
			"name": "Faerie Borrower",
			"source": "MCV4EC",
			"size": [
				"T"
			],
			"type": "fey",
			"alignment": [
				"C",
				"N"
			],
			"alignmentPrefix": "typically ",
			"ac": [
				15
			],
			"hp": {
				"average": 12,
				"formula": "5d4"
			},
			"speed": {
				"walk": 10,
				"fly": 30
			},
			"str": 2,
			"dex": 20,
			"con": 10,
			"int": 13,
			"wis": 12,
			"cha": 16,
			"skill": {
				"sleight of hand": "+7",
				"stealth": "+7"
			},
			"passive": 11,
			"languages": [
				"Common",
				"Sylvan"
			],
			"cr": "1/2",
			"spellcasting": [
				{
					"name": "Spellcasting",
					"type": "spellcasting",
					"headerEntries": [
						"The faerie casts one of the following spells, requiring no material components and using Charisma as the spellcasting ability (spell save {@dc 13}):"
					],
					"will": [
						"{@spell prestidigitation}"
					],
					"daily": {
						"1": [
							"{@spell silent image}"
						]
					},
					"ability": "cha",
					"displayAs": "action"
				}
			],
			"trait": [
				{
					"name": "Flyby",
					"entries": [
						"The faerie doesn't provoke opportunity attacks when it flies out of an enemy's reach."
					]
				}
			],
			"action": [
				{
					"name": "Needle Blade",
					"entries": [
						"{@atk mw} {@hit 7} to hit, reach 5 ft., one target. {@h}7 ({@damage 1d4 + 5}) piercing damage."
					]
				},
				{
					"name": "Magic Mockery",
					"entries": [
						"The faerie hurls magical taunts at one creature it can see within 60 feet of itself. The creature must succeed on a {@dc 13} Wisdom saving throw or take 3 ({@damage 1d6}) psychic damage and have disadvantage on attack rolls and ability checks until the start of the faerie's next turn."
					]
				}
			],
			"reaction": [
				{
					"name": "Tricksy Parry",
					"entries": [
						"Immediately after taking damage, the faerie reduces the damage taken by 2 ({@dice 1d4})."
					]
				}
			],
			"traitTags": [
				"Flyby"
			],
			"languageTags": [
				"C",
				"S"
			],
			"damageTags": [
				"P",
				"Y"
			],
			"spellcastingTags": [
				"O"
			],
			"miscTags": [
				"MW"
			],
			"savingThrowForced": [
				"wisdom"
			],
			"hasToken": true,
			"hasFluff": true,
			"hasFluffImages": true
		},
		{
			"name": "Faerie Pathlighter",
			"source": "MCV4EC",
			"size": [
				"M"
			],
			"type": "fey",
			"alignment": [
				"C",
				"G"
			],
			"alignmentPrefix": "typically ",
			"ac": [
				12
			],
			"hp": {
				"average": 38,
				"formula": "7d8 + 7"
			},
			"speed": {
				"walk": 30,
				"fly": {
					"number": 30,
					"condition": "(hover)"
				},
				"canHover": true
			},
			"str": 10,
			"dex": 14,
			"con": 12,
			"int": 13,
			"wis": 17,
			"cha": 18,
			"skill": {
				"insight": "+5",
				"perception": "+5",
				"survival": "+5"
			},
			"passive": 15,
			"languages": [
				"Common",
				"Sylvan"
			],
			"cr": "2",
			"spellcasting": [
				{
					"name": "Spellcasting",
					"type": "spellcasting",
					"headerEntries": [
						"The faerie casts one of the following spells, requiring no material components and using Charisma as the spellcasting ability:"
					],
					"will": [
						"{@spell dancing lights}",
						"{@spell detect magic}",
						"{@spell prestidigitation}"
					],
					"daily": {
						"1": [
							"{@spell locate creature}"
						]
					},
					"ability": "cha",
					"displayAs": "action"
				}
			],
			"trait": [
				{
					"name": "Faerie Illumination",
					"entries": [
						"The faerie sheds dim light in a 15-foot radius."
					]
				}
			],
			"action": [
				{
					"name": "Multiattack",
					"entries": [
						"The faerie makes two Shining Strike attacks."
					]
				},
				{
					"name": "Shining Strike",
					"entries": [
						"{@atk ms,rs} {@hit 6} to hit, reach 5 ft. or range 30 ft., one target. {@h}7 ({@damage 2d6}) radiant damage, and if the target is a creature, it must succeed on a {@dc 14} Dexterity saving throw or be wreathed in light until the end of the faerie's next turn. While a creature is wreathed in light, attack rolls against the creature have advantage, and the creature can't benefit from the {@condition invisible} condition."
					]
				}
			],
			"bonus": [
				{
					"name": "Guiding Light (2/Day)",
					"entries": [
						"The faerie summons a 30-foot-radius sphere of magical light centered on itself, which lasts for 1 minute or until the faerie has the {@condition incapacitated} condition. Each creature of the faerie's choice (other than the faerie) that starts its turn in that area gains 5 temporary hit points and has advantage on Wisdom saving throws and Wisdom checks until the start of its next turn.",
						"The sphere is bright light, sheds dim light for an additional 30 feet, and moves with the faerie. If any of the sphere's area overlaps with an area of darkness created by a spell of 3rd level or lower, the spell that created the darkness is dispelled."
					]
				}
			],
			"actionTags": [
				"Multiattack"
			],
			"languageTags": [
				"C",
				"S"
			],
			"damageTags": [
				"R"
			],
			"spellcastingTags": [
				"O"
			],
			"miscTags": [
				"AOE"
			],
			"savingThrowForced": [
				"dexterity"
			],
			"hasToken": true,
			"hasFluff": true,
			"hasFluffImages": true
		},
		{
			"name": "Faerie Pest",
			"source": "MCV4EC",
			"size": [
				"S"
			],
			"type": "fey",
			"alignment": [
				"C",
				"E"
			],
			"alignmentPrefix": "typically ",
			"ac": [
				{
					"ac": 14,
					"from": [
						"{@item leather armor|PHB}"
					]
				}
			],
			"hp": {
				"average": 22,
				"formula": "5d6 + 5"
			},
			"speed": {
				"walk": 30,
				"fly": 30
			},
			"str": 8,
			"dex": 16,
			"con": 12,
			"int": 10,
			"wis": 12,
			"cha": 14,
			"skill": {
				"perception": "+3",
				"stealth": "+7"
			},
			"senses": [
				"darkvision 60 ft."
			],
			"passive": 13,
			"languages": [
				"Common",
				"Sylvan"
			],
			"cr": "1",
			"spellcasting": [
				{
					"name": "Spellcasting",
					"type": "spellcasting",
					"headerEntries": [
						"The faerie casts one of the following spells, requiring no material components and using Charisma as the spellcasting ability (spell save {@dc 12}):"
					],
					"daily": {
						"1": [
							"{@spell blindness/deafness}"
						],
						"2e": [
							"{@spell bane}",
							"{@spell grease}"
						]
					},
					"ability": "cha",
					"displayAs": "action"
				}
			],
			"action": [
				{
					"name": "Stingblade",
					"entries": [
						"{@atk mw} {@hit 5} to hit, reach 5 ft., one target. {@h}6 ({@damage 1d6 + 3}) slashing damage plus 5 ({@damage 2d4}) poison damage. If the faerie had advantage on the attack roll, the target takes an additional 3 ({@damage 1d6}) slashing damage."
					]
				},
				{
					"name": "Theft of Nerves (1/Day)",
					"entries": [
						"The faerie unleashes a burst of mind-muddling magic in a 15-foot cone. Each creature in that area must succeed on a {@dc 12} Intelligence saving throw or have the {@condition frightened} condition for 1 minute. A {@condition frightened} creature can repeat the saving throw at the end of each of its turns, ending the effect on itself on a success."
					]
				}
			],
			"bonus": [
				{
					"name": "Mischievous Stealth",
					"entries": [
						"The faerie takes the Hide action."
					]
				}
			],
			"senseTags": [
				"D"
			],
			"languageTags": [
				"C",
				"S"
			],
			"damageTags": [
				"I",
				"S"
			],
			"spellcastingTags": [
				"O"
			],
			"miscTags": [
				"AOE",
				"MW"
			],
			"conditionInflictSpell": [
				"blinded",
				"deafened",
				"prone"
			],
			"savingThrowForced": [
				"intelligence"
			],
			"savingThrowForcedSpell": [
				"charisma",
				"constitution",
				"dexterity"
			],
			"hasToken": true,
			"hasFluff": true,
			"hasFluffImages": true
		},
		{
			"name": "Gingerbrute",
			"source": "MCV4EC",
			"size": [
				"T"
			],
			"type": "construct",
			"alignment": [
				"C",
				"N"
			],
			"alignmentPrefix": "typically ",
			"ac": [
				14
			],
			"hp": {
				"average": 18,
				"formula": "4d4 + 8"
			},
			"speed": {
				"walk": 60
			},
			"str": 13,
			"dex": 18,
			"con": 14,
			"int": 7,
			"wis": 10,
			"cha": 12,
			"skill": {
				"acrobatics": "+6",
				"athletics": "+3"
			},
			"passive": 10,
			"vulnerable": [
				"bludgeoning"
			],
			"conditionImmune": [
				"exhaustion"
			],
			"languages": [
				"one language of its creator"
			],
			"cr": "1/2",
			"trait": [
				{
					"name": "Can't Catch Me",
					"entries": [
						"The gingerbrute has advantage on any ability checks or saving throws it makes to avoid or end the {@condition grappled} or the {@condition restrained} condition on itself."
					]
				},
				{
					"name": "Sweet Victory",
					"entries": [
						"Once the gingerbrute is destroyed, a creature can use its action to eat all the remains and gain 5 temporary hit points. The remains crumble away after 24 hours if not eaten."
					]
				}
			],
			"action": [
				{
					"name": "Multiattack",
					"entries": [
						"The gingerbrute makes two Fork attacks, two Gumdrop Slingshot attacks, or one of each."
					]
				},
				{
					"name": "Fork",
					"entries": [
						"{@atk mw} {@hit 6} to hit, reach 5 ft., one target. {@h}6 ({@damage 1d4 + 4}) piercing damage."
					]
				},
				{
					"name": "Gumdrop Slingshot",
					"entries": [
						"{@atk rw} {@hit 6} to hit, range 30/120 ft., one target. {@h}6 ({@damage 1d4 + 4}) bludgeoning damage."
					]
				}
			],
			"actionTags": [
				"Multiattack"
			],
			"damageTags": [
				"B",
				"P"
			],
			"miscTags": [
				"MW",
				"RW"
			],
			"hasToken": true,
			"hasFluff": true,
			"hasFluffImages": true
		},
		{
			"name": "Goose Mother",
			"source": "MCV4EC",
			"size": [
				"H"
			],
			"type": "fey",
			"alignment": [
				"U"
			],
			"ac": [
				12
			],
			"hp": {
				"average": 114,
				"formula": "12d12 + 36"
			},
			"speed": {
				"walk": 40,
				"fly": 40
			},
			"str": 17,
			"dex": 15,
			"con": 17,
			"int": 12,
			"wis": 18,
			"cha": 15,
			"save": {
				"str": "+6",
				"int": "+4"
			},
			"skill": {
				"insight": "+7",
				"investigation": "+4",
				"perception": "+10"
			},
			"senses": [
				"darkvision 60 ft."
			],
			"passive": 20,
			"conditionImmune": [
				"blinded",
				"charmed",
				"deafened",
				"frightened",
				"stunned",
				"unconscious"
			],
			"cr": "7",
			"trait": [
				{
					"name": "Legendary Resistance (3/Day)",
					"entries": [
						"If the Goose Mother fails a saving throw, it can choose to succeed instead."
					]
				},
				{
					"name": "Multiple Heads",
					"entries": [
						"The Goose Mother has five heads. Whenever the Goose Mother takes 25 or more damage in a single turn, one of its heads dies. If all its heads die, the Goose Mother dies.",
						"At the end of its turn, the Goose Mother grows two heads for each of its heads that died since its last turn, unless it has taken poison damage since its last turn. The Goose Mother regains 10 hit points for each head when it regrows."
					]
				},
				{
					"name": "Reactive Heads",
					"entries": [
						"For each head the Goose Mother has beyond one, it gets an extra reaction that can be used only for opportunity attacks."
					]
				},
				{
					"name": "Wakeful",
					"entries": [
						"While the Goose Mother sleeps, at least one of its heads is awake."
					]
				}
			],
			"action": [
				{
					"name": "Multiattack",
					"entries": [
						"The Goose Mother makes as many Beak attacks as it has heads and one Wing attack."
					]
				},
				{
					"name": "Beak",
					"entries": [
						"{@atk mw} {@hit 6} to hit, reach 10 ft., one target. {@h}6 ({@damage 1d6 + 3}) bludgeoning damage."
					]
				},
				{
					"name": "Wing",
					"entries": [
						"{@atk mw} {@hit 6} to hit, reach 10 ft., one target. {@h}9 ({@damage 1d12 + 3}) bludgeoning damage. If the target is a Large or smaller creature, it must succeed on a {@dc 15} Strength saving throw or have the {@condition prone} condition."
					]
				},
				{
					"name": "Lullaby of Honks {@recharge 5}",
					"entries": [
						"The Goose Mother's heads honk a discordant lullaby. Each creature of the Goose Mother's choice within 10 feet of it must make a {@dc 15} Constitution saving throw. On a failed save, a creature takes 7 ({@damage 2d6}) thunder damage and falls into a magical slumber. On a successful save, the target takes half as much damage only. The honks can be heard up to 300 feet away.",
						"A creature under magical slumber has the {@condition unconscious} condition for 8 hours. This effect ends early for a creature if it takes damage or another creature uses an action to shake it awake."
					]
				}
			],
			"traitTags": [
				"Legendary Resistances"
			],
			"senseTags": [
				"D"
			],
			"actionTags": [
				"Multiattack"
			],
			"damageTags": [
				"B",
				"T"
			],
			"miscTags": [
				"MW",
				"RCH"
			],
			"savingThrowForced": [
				"constitution",
				"strength"
			],
			"hasToken": true,
			"hasFluff": true,
			"hasFluffImages": true
		},
		{
			"name": "High Fae Impostor",
			"source": "MCV4EC",
			"size": [
				"M"
			],
			"type": "fey",
			"alignment": [
				"A"
			],
			"ac": [
				15
			],
			"hp": {
				"average": 149,
				"formula": "23d8 + 46"
			},
			"speed": {
				"walk": 30,
				"fly": {
					"number": 30,
					"condition": "(hover)"
				},
				"canHover": true
			},
			"str": 13,
			"dex": 21,
			"con": 15,
			"int": 18,
			"wis": 16,
			"cha": 23,
			"save": {
				"dex": "+9",
				"wis": "+7"
			},
			"skill": {
				"deception": "+14",
				"performance": "+10",
				"stealth": "+13"
			},
			"senses": [
				"darkvision 60 ft."
			],
			"passive": 13,
			"resist": [
				{
					"resist": [
						"bludgeoning",
						"piercing",
						"slashing"
					],
					"note": "from nonmagical attacks",
					"cond": true
				}
			],
			"languages": [
				"Common",
				"Sylvan"
			],
			"cr": "11",
			"spellcasting": [
				{
					"name": "Spellcasting",
					"type": "spellcasting",
					"headerEntries": [
						"The high fae casts one of the following spells, requiring no material components and using Charisma as the spellcasting ability (spell save {@dc 18}):"
					],
					"will": [
						"{@spell friends}",
						"{@spell minor illusion}"
					],
					"daily": {
						"1e": [
							"{@spell enthrall}",
							"{@spell Nystul's magic aura}"
						]
					},
					"ability": "cha",
					"displayAs": "action"
				}
			],
			"trait": [
				{
					"name": "Magic Resistance",
					"entries": [
						"The high fae has advantage on saving throws against spells and other magical effects."
					]
				}
			],
			"action": [
				{
					"name": "Multiattack",
					"entries": [
						"The high fae makes two Fae Blade attacks and uses Vexing Prank once."
					]
				},
				{
					"name": "Fae Blade",
					"entries": [
						"{@atk mw} {@hit 9} to hit, reach 5 ft., one target. {@h}18 ({@damage 3d8 + 5}) force damage."
					]
				},
				{
					"name": "Vexing Prank",
					"entries": [
						"The high fae targets one creature it can see within 60 feet of itself with a magical trick. The target must make a {@dc 18} Wisdom saving throw. On a failed save, the target takes 21 ({@damage 6d6}) psychic damage and has the {@condition frightened} condition until the start of the high fae's next turn. On a successful save, the target takes half as much damage only."
					]
				}
			],
			"bonus": [
				{
					"name": "Loot Likeness",
					"entries": [
						"The high fae magically transforms into a duplicate of a Small or Medium creature it can see. While transformed, the high fae retains its game statistics (other than its size) but gains access to enough general information about the imitated creature, such as background and personality, to reasonably pass itself off as the creature. This transformation ends if the high fae is reduced to 0 hit points, uses this bonus action again, or uses a bonus action to revert to its true form."
					]
				}
			],
			"traitTags": [
				"Magic Resistance"
			],
			"senseTags": [
				"D"
			],
			"actionTags": [
				"Multiattack"
			],
			"languageTags": [
				"C",
				"S"
			],
			"damageTags": [
				"O",
				"Y"
			],
			"spellcastingTags": [
				"O"
			],
			"miscTags": [
				"MW"
			],
			"conditionInflict": [
				"frightened"
			],
			"savingThrowForced": [
				"wisdom"
			],
			"savingThrowForcedSpell": [
				"wisdom"
			],
			"hasToken": true,
			"hasFluff": true,
			"hasFluffImages": true
		},
		{
			"name": "High Fae Kindguard",
			"source": "MCV4EC",
			"size": [
				"M"
			],
			"type": "fey",
			"alignment": [
				"A"
			],
			"ac": [
				{
					"ac": 17,
					"from": [
						"natural armor"
					]
				}
			],
			"hp": {
				"average": 156,
				"formula": "24d8 + 48"
			},
			"speed": {
				"walk": 40,
				"fly": {
					"number": 60,
					"condition": "(hover)"
				},
				"canHover": true
			},
			"str": 22,
			"dex": 23,
			"con": 15,
			"int": 14,
			"wis": 17,
			"cha": 13,
			"save": {
				"str": "+10",
				"dex": "+10"
			},
			"skill": {
				"acrobatics": "+10",
				"athletics": "+10",
				"perception": "+7"
			},
			"senses": [
				"darkvision 60 ft."
			],
			"passive": 17,
			"resist": [
				{
					"resist": [
						"bludgeoning",
						"piercing",
						"slashing"
					],
					"note": "from nonmagical attacks",
					"cond": true
				}
			],
			"languages": [
				"Common",
				"Sylvan"
			],
			"cr": "12",
			"trait": [
				{
					"name": "Evasion",
					"entries": [
						"If the high fae is subjected to an effect that allows it to make a Dexterity saving throw to take only half damage, it instead takes no damage if it succeeds on the saving throw and only half damage if it fails, provided it doesn't have the {@condition incapacitated} condition."
					]
				},
				{
					"name": "Magic Resistance",
					"entries": [
						"The high fae has advantage on saving throws against spells and other magical effects."
					]
				}
			],
			"action": [
				{
					"name": "Multiattack",
					"entries": [
						"The high fae makes two Fae Claymore attacks and uses Tripping Feint."
					]
				},
				{
					"name": "Fae Claymore",
					"entries": [
						"{@atk mw} {@hit 10} to hit, reach 10 ft., one target. {@h}20 ({@damage 4d6 + 6}) force damage, and the target's speed is reduced by 10 feet, to a minimum speed of 5 feet. The reduction lasts until the start of the high fae's next turn."
					]
				},
				{
					"name": "Tripping Feint",
					"entries": [
						"The high fae targets one Large or smaller creature it can see within 10 feet of itself. The target must succeed on a {@dc 18} Dexterity saving throw or have the {@condition prone} condition."
					]
				}
			],
			"bonus": [
				{
					"name": "Darting Flight",
					"entries": [
						"The high fae moves up to its speed. This movement doesn't provoke opportunity attacks."
					]
				}
			],
			"reaction": [
				{
					"name": "Parry and Riposte",
					"entries": [
						"The high fae adds\u00A04 to its AC against one melee attack roll that would hit it, provided it can see the attacker. After the attack hits or misses, the high fae then makes one Fae Claymore attack against the attacker."
					]
				}
			],
			"traitTags": [
				"Magic Resistance"
			],
			"senseTags": [
				"D"
			],
			"actionTags": [
				"Multiattack"
			],
			"languageTags": [
				"C",
				"S"
			],
			"damageTags": [
				"O"
			],
			"miscTags": [
				"MW",
				"RCH"
			],
			"conditionInflict": [
				"prone"
			],
			"savingThrowForced": [
				"dexterity"
			],
			"hasToken": true,
			"hasFluff": true,
			"hasFluffImages": true
		},
		{
			"name": "High Fae Mage",
			"source": "MCV4EC",
			"size": [
				"M"
			],
			"type": {
				"type": "fey",
				"tags": [
					"sorcerer"
				]
			},
			"alignment": [
				"A"
			],
			"ac": [
				14,
				{
					"ac": 17,
					"condition": "with {@spell mage armor}",
					"braces": true
				}
			],
			"hp": {
				"average": 148,
				"formula": "27d8 + 27"
			},
			"speed": {
				"walk": 30,
				"fly": {
					"number": 30,
					"condition": "(hover)"
				},
				"canHover": true
			},
			"str": 11,
			"dex": 18,
			"con": 12,
			"int": 17,
			"wis": 15,
			"cha": 24,
			"save": {
				"int": "+7",
				"wis": "+6",
				"cha": "+11"
			},
			"skill": {
				"arcana": "+11",
				"investigation": "+7",
				"nature": "+7"
			},
			"senses": [
				"darkvision 60 ft."
			],
			"passive": 12,
			"resist": [
				{
					"resist": [
						"bludgeoning",
						"piercing",
						"slashing"
					],
					"note": "from nonmagical attacks",
					"cond": true
				}
			],
			"languages": [
				"Common",
				"Sylvan"
			],
			"cr": "12",
			"spellcasting": [
				{
					"name": "Spellcasting",
					"type": "spellcasting",
					"headerEntries": [
						"The high fae casts one of the following spells, requiring no material components and using Charisma as the spellcasting ability (spell save {@dc 19}):"
					],
					"will": [
						"{@spell dancing lights}",
						"{@spell detect magic}",
						"{@spell druidcraft}",
						"{@spell mage armor} (self only)"
					],
					"daily": {
						"2e": [
							"{@spell faerie fire}",
							"{@spell gust of wind}",
							"{@spell mirror image}"
						]
					},
					"ability": "cha",
					"displayAs": "action"
				}
			],
			"trait": [
				{
					"name": "Magic Resistance",
					"entries": [
						"The high fae has advantage on saving throws against spells and other magical effects."
					]
				}
			],
			"action": [
				{
					"name": "Multiattack",
					"entries": [
						"The high fae makes two Elemental Strike attacks."
					]
				},
				{
					"name": "Elemental Strike",
					"entries": [
						"{@atk ms,rs} {@hit 11} to hit, reach 5 ft. or range 60 ft., one target. {@h}18 ({@damage 2d10 + 7}) acid, cold, fire, force, lightning, or thunder damage (the high fae's choice)."
					]
				},
				{
					"name": "Negotiate Life {@recharge 5}",
					"entries": [
						"The high fae enacts a magical bargain, siphoning energy from its opponents to heal its wounds. The high fae targets up to three creatures it can see within 60 feet of itself. Each target must make a {@dc 19} Constitution saving throw, taking 26 ({@damage 4d12}) necrotic damage on a failed save, or half as much damage on a successful one. The high fae then regains 30 hit points."
					]
				}
			],
			"reaction": [
				{
					"name": "Fae Counterspell",
					"entries": [
						"The high fae interrupts a creature it can see that is casting a spell with verbal, somatic, or material components. The caster takes 10 ({@damage 3d6}) psychic damage and must make a {@dc 19} Charisma saving throw. On a failed save, the spell fails and has no effect, but the spell slot used to cast it is not expended."
					]
				}
			],
			"traitTags": [
				"Magic Resistance"
			],
			"senseTags": [
				"D"
			],
			"actionTags": [
				"Multiattack"
			],
			"languageTags": [
				"C",
				"S"
			],
			"damageTags": [
				"N",
				"Y"
			],
			"spellcastingTags": [
				"O"
			],
			"savingThrowForced": [
				"charisma",
				"constitution"
			],
			"savingThrowForcedSpell": [
				"dexterity",
				"strength"
			],
			"hasToken": true,
			"hasFluff": true,
			"hasFluffImages": true
		},
		{
			"name": "High Fae Noble",
			"source": "MCV4EC",
			"size": [
				"M"
			],
			"type": "fey",
			"alignment": [
				"A"
			],
			"ac": [
				17
			],
			"hp": {
				"average": 175,
				"formula": "27d8 + 54"
			},
			"speed": {
				"walk": 40,
				"fly": {
					"number": 40,
					"condition": "(hover)"
				},
				"canHover": true
			},
			"str": 13,
			"dex": 25,
			"con": 15,
			"int": 19,
			"wis": 18,
			"cha": 22,
			"save": {
				"dex": "+12",
				"int": "+9",
				"wis": "+9",
				"cha": "+11"
			},
			"skill": {
				"history": "+9",
				"insight": "+14",
				"perception": "+9"
			},
			"senses": [
				"darkvision 60 ft."
			],
			"passive": 19,
			"resist": [
				{
					"resist": [
						"bludgeoning",
						"piercing",
						"slashing"
					],
					"note": "from nonmagical attacks",
					"cond": true
				}
			],
			"conditionImmune": [
				"charmed",
				"exhaustion",
				"frightened"
			],
			"languages": [
				"Common",
				"Sylvan",
				"telepathy 120 ft."
			],
			"cr": "13",
			"spellcasting": [
				{
					"name": "Spellcasting",
					"type": "spellcasting",
					"headerEntries": [
						"The high fae casts one of the following spells, requiring no material components and using Charisma as the spellcasting ability (spell save {@dc 19}):"
					],
					"will": [
						"{@spell detect magic}",
						"{@spell prestidigitation}",
						"{@spell suggestion}"
					],
					"daily": {
						"1e": [
							"{@spell major image}",
							"{@spell zone of truth}"
						]
					},
					"ability": "cha",
					"displayAs": "action"
				}
			],
			"trait": [
				{
					"name": "Aura of Overwhelming Splendor",
					"entries": [
						"The high fae radiates dazzling and mollifying magic. Each creature of the high fae's choice that starts its turn within 5 feet of the high fae must succeed on a {@dc 19} Wisdom saving throw or have the {@condition charmed} condition until the start of its next turn. While {@condition charmed}, the creature also has the {@condition incapacitated} condition."
					]
				},
				{
					"name": "Legendary Resistance (3/Day)",
					"entries": [
						"If the high fae fails a saving throw, it can choose to succeed instead."
					]
				},
				{
					"name": "Magic Resistance",
					"entries": [
						"The high fae has advantage on saving throws against spells and other magical effects."
					]
				}
			],
			"action": [
				{
					"name": "Multiattack",
					"entries": [
						"The high fae makes two Fae Blade attacks. It can replace one of these attacks with Stunning Soliloquy if available."
					]
				},
				{
					"name": "Fae Blade",
					"entries": [
						"{@atk mw} {@hit 12} to hit, reach 5 ft., one target. {@h}20 ({@damage 3d8 + 7}) force damage."
					]
				},
				{
					"name": "Stunning Soliloquy {@recharge 5}",
					"entries": [
						"The high fae unleashes a string of magical words. Each creature of the high fae's choice within 30 feet of itself must succeed on a {@dc 19} Wisdom saving throw or have the {@condition stunned} condition for 1 minute. A {@condition stunned} creature can repeat the saving throw at the end of each of its turns, ending the effect on itself on a success."
					]
				}
			],
			"reactionHeader": [
				"The high fae can take up to three reactions per round but only one per turn."
			],
			"reaction": [
				{
					"name": "Capricious Step",
					"entries": [
						"Immediately after taking damage, the high fae magically has the {@condition invisible} condition and teleports, along with any equipment it is wearing or carrying, to an unoccupied space it can see within 30 feet of itself. The invisibility lasts until the end of the high fae's next turn."
					]
				},
				{
					"name": "Ridicule",
					"entries": [
						"When a creature misses the high fae with an attack roll, the high fae magically mocks the creature, dealing 5 ({@damage 2d4}) psychic damage to the attacker."
					]
				}
			],
			"traitTags": [
				"Legendary Resistances",
				"Magic Resistance"
			],
			"senseTags": [
				"D"
			],
			"actionTags": [
				"Multiattack"
			],
			"languageTags": [
				"C",
				"S",
				"TP"
			],
			"damageTags": [
				"O",
				"Y"
			],
			"spellcastingTags": [
				"O"
			],
			"miscTags": [
				"MW"
			],
			"savingThrowForced": [
				"wisdom"
			],
			"savingThrowForcedSpell": [
				"charisma",
				"wisdom"
			],
			"hasToken": true,
			"hasFluff": true,
			"hasFluffImages": true
		},
		{
			"name": "Knight of Eldraine",
			"source": "MCV4EC",
			"size": [
				"M"
			],
			"type": {
				"type": "humanoid",
				"tags": [
					"human"
				]
			},
			"alignment": [
				"A"
			],
			"ac": [
				{
					"ac": 20,
					"from": [
						"{@item plate armor|PHB|plate}",
						"{@item shield|PHB}"
					]
				}
			],
			"hp": {
				"average": 78,
				"formula": "12d8 + 24"
			},
			"speed": {
				"walk": 30
			},
			"str": 16,
			"dex": 12,
			"con": 14,
			"int": 13,
			"wis": 11,
			"cha": 13,
			"save": {
				"con": "+4",
				"wis": "+2"
			},
			"passive": 10,
			"languages": [
				"Common"
			],
			"cr": "3",
			"trait": [
				{
					"name": "Knightly Virtue",
					"entries": [
						"The knight has one of the following traits, depending on the court it serves:",
						{
							"type": "list",
							"style": "list-hang-notitle",
							"items": [
								{
									"type": "item",
									"name": "Courage (Embereth)",
									"entries": [
										"The knight has advantage on Wisdom checks and Wisdom saving throws."
									]
								},
								{
									"type": "item",
									"name": "Knowledge (Vantress)",
									"entries": [
										"The knight has advantage on Intelligence checks and Intelligence saving throws."
									]
								},
								{
									"type": "item",
									"name": "Loyalty (Ardenvale)",
									"entries": [
										"The knight has advantage on Charisma checks and Charisma saving throws."
									]
								},
								{
									"type": "item",
									"name": "Persistence (Locthwain)",
									"entries": [
										"The knight has advantage on Constitution saving throws."
									]
								},
								{
									"type": "item",
									"name": "Strength (Garenbrig)",
									"entries": [
										"The knight has advantage on Strength checks and Strength saving throws."
									]
								}
							]
						}
					]
				}
			],
			"action": [
				{
					"name": "Lance",
					"entries": [
						"{@atk mw} {@hit 5} to hit, reach 10 ft., one target. {@h}9 ({@damage 1d12 + 3}) piercing damage plus 9 ({@damage 2d8}) radiant damage."
					]
				},
				{
					"name": "Longsword",
					"entries": [
						"{@atk mw} {@hit 5} to hit, reach 5 ft., one target. {@h}7 ({@damage 1d8 + 3}) slashing damage, or 8 ({@damage 1d10 + 3}) slashing damage if used with two hands, plus 9 ({@damage 2d8}) radiant damage."
					]
				},
				{
					"name": "Heavy Crossbow",
					"entries": [
						"{@atk rw} {@hit 3} to hit, range 100/400 ft., one target. {@h}6 ({@damage 1d10 + 1}) piercing damage plus 9 ({@damage 2d8}) radiant damage."
					]
				}
			],
			"attachedItems": [
				"heavy crossbow|phb",
				"lance|phb",
				"longsword|phb"
			],
			"languageTags": [
				"C"
			],
			"damageTags": [
				"P",
				"R",
				"S"
			],
			"miscTags": [
				"MLW",
				"MW",
				"RCH",
				"RW"
			],
			"hasToken": true,
			"hasFluff": true,
			"hasFluffImages": true
		},
		{
			"name": "Nightmare Haunt",
			"source": "MCV4EC",
			"size": [
				"M"
			],
			"type": "aberration",
			"alignment": [
				"N",
				"E"
			],
			"alignmentPrefix": "typically ",
			"ac": [
				13
			],
			"hp": {
				"average": 44,
				"formula": "8d8 + 8"
			},
			"speed": {
				"walk": 30,
				"climb": 30
			},
			"str": 14,
			"dex": 17,
			"con": 13,
			"int": 9,
			"wis": 12,
			"cha": 17,
			"senses": [
				"blindsight 120 ft. (can't see beyond this radius)"
			],
			"passive": 11,
			"immune": [
				"psychic"
			],
			"conditionImmune": [
				"blinded",
				"charmed",
				"exhaustion",
				"frightened"
			],
			"languages": [
				"Deep Speech",
				"telepathy 120 ft."
			],
			"cr": "5",
			"trait": [
				{
					"name": "Magic Resistance",
					"entries": [
						"The nightmare haunt has advantage on saving throws against spells and other magical effects."
					]
				},
				{
					"name": "Somnophage",
					"entries": [
						"At the start of its turn, the nightmare haunt gains a number of temporary hit points equal to 5 times the number of {@condition unconscious} creatures within 30 feet of itself."
					]
				}
			],
			"action": [
				{
					"name": "Multiattack",
					"entries": [
						"The nightmare haunt makes two Claw attacks."
					]
				},
				{
					"name": "Claw",
					"entries": [
						"{@atk mw} {@hit 6} to hit, reach 5 ft., one target. {@h}6 ({@damage 1d6 + 3}) slashing damage plus 9 ({@damage 2d8}) psychic damage."
					]
				},
				{
					"name": "Tendrils of Slumber {@recharge 5}",
					"entries": [
						"The nightmare haunt creates spectral tendrils that cover the ground in a 20-foot square that it can see within 30 feet of itself for 1 minute or until it uses this action again. When a creature other than the nightmare haunt enters the affected area for the first time or starts its turn there, the creature must succeed on a {@dc 14} Strength saving throw or take 11 ({@damage 2d10}) necrotic damage and have the {@condition restrained} condition. The affected ground is also considered difficult terrain for creatures other than the nightmare haunt for the duration of its effect.",
						"A creature that starts its turn in the area and is already {@condition restrained} by the tendrils must repeat the saving throw. On a failed save, it has the {@condition unconscious} condition and instead of the {@condition restrained} condition caused by the tendrils. On a successful save, the effect ends on the creature. An {@condition unconscious} creature remains asleep until it is no longer in the area with tendrils, takes any damage, or is targeted by a {@spell remove curse} spell or similar magic."
					]
				}
			],
			"bonus": [
				{
					"name": "Shadow Stealth",
					"entries": [
						"While in dim light or darkness, the nightmare haunt takes the Hide action."
					]
				}
			],
			"traitTags": [
				"Magic Resistance"
			],
			"senseTags": [
				"B"
			],
			"actionTags": [
				"Multiattack"
			],
			"languageTags": [
				"DS",
				"TP"
			],
			"damageTags": [
				"N",
				"S",
				"Y"
			],
			"miscTags": [
				"MW"
			],
			"conditionInflict": [
				"restrained"
			],
			"savingThrowForced": [
				"strength"
			],
			"hasToken": true,
			"hasFluff": true,
			"hasFluffImages": true
		},
		{
			"name": "Ogre Chitterlord",
			"source": "MCV4EC",
			"size": [
				"L"
			],
			"type": {
				"type": "giant",
				"tags": [
					"druid"
				]
			},
			"alignment": [
				"A"
			],
			"ac": [
				{
					"ac": 12,
					"from": [
						"{@item hide armor|PHB}"
					]
				}
			],
			"hp": {
				"average": 52,
				"formula": "7d10 + 14"
			},
			"speed": {
				"walk": 40
			},
			"str": 19,
			"dex": 10,
			"con": 15,
			"int": 5,
			"wis": 12,
			"cha": 9,
			"save": {
				"wis": "+3"
			},
			"skill": {
				"animal handling": "+3",
				"nature": "+1"
			},
			"senses": [
				"darkvision 60 ft."
			],
			"passive": 11,
			"languages": [
				"Common",
				"Giant"
			],
			"cr": "3",
			"spellcasting": [
				{
					"name": "Spellcasting",
					"type": "spellcasting",
					"headerEntries": [
						"The ogre casts one of the following spells, requiring no material components and using Wisdom as the spellcasting ability (spell save {@dc 11}):"
					],
					"will": [
						"{@spell beast sense} (rats only)",
						"{@spell druidcraft}",
						"{@spell entangle}"
					],
					"daily": {
						"1e": [
							"{@spell animal messenger} (rats only)",
							"{@spell stinking cloud}"
						]
					},
					"ability": "wis",
					"displayAs": "action"
				}
			],
			"trait": [
				{
					"name": "Speak with Rats",
					"entries": [
						"The ogre can verbally communicate simple concepts to ordinary rats and giant rats."
					]
				}
			],
			"action": [
				{
					"name": "Multiattack",
					"entries": [
						"The ogre makes two Club attacks, two Rat-Tail Whip attacks, or one of each."
					]
				},
				{
					"name": "Club",
					"entries": [
						"{@atk mw} {@hit 6} to hit, reach 5 ft., one target. {@h}15 ({@damage 2d10 + 4}) bludgeoning damage."
					]
				},
				{
					"name": "Rat-Tail Whip",
					"entries": [
						"{@atk mw} {@hit 6} to hit, reach 10 ft., one target. {@h}13 ({@damage 2d8 + 4}) slashing damage, and if the target is Large or smaller, it is pulled 5 feet toward the ogre."
					]
				}
			],
			"bonus": [
				{
					"name": "Call Rats (1/Day)",
					"entries": [
						"The ogre magically calls {@dice 1d4} giant rats. Each rat appears in an unoccupied space within 30 feet of the ogre that the ogre can see. The rats act as the ogre's allies, obey its spoken commands, and take their turns immediately after the ogre's turn on the same initiative count. The rats remain for 1 hour, until the ogre dies, or until the ogre dismisses them as a bonus action."
					]
				}
			],
			"attachedItems": [
				"club|phb"
			],
			"senseTags": [
				"D"
			],
			"actionTags": [
				"Multiattack"
			],
			"languageTags": [
				"C",
				"GI"
			],
			"damageTags": [
				"B",
				"S"
			],
			"spellcastingTags": [
				"O"
			],
			"miscTags": [
				"MLW",
				"MW",
				"RCH"
			],
			"conditionInflictSpell": [
				"restrained"
			],
			"savingThrowForcedSpell": [
				"constitution",
				"strength"
			],
			"hasToken": true,
			"hasFluff": true,
			"hasFluffImages": true
		},
		{
			"name": "Redtooth Werefox",
			"source": "MCV4EC",
			"size": [
				"M"
			],
			"type": {
				"type": "monstrosity",
				"tags": [
					"elf"
				]
			},
			"alignment": [
				"A"
			],
			"ac": [
				13
			],
			"hp": {
				"average": 60,
				"formula": "11d8 + 11"
			},
			"speed": {
				"walk": {
					"number": 30,
					"condition": "(in elf form; 40 ft. in fox and hybrid form)"
				}
			},
			"str": 16,
			"dex": 17,
			"con": 12,
			"int": 11,
			"wis": 13,
			"cha": 10,
			"skill": {
				"acrobatics": "+5",
				"perception": "+5",
				"survival": "+3"
			},
			"senses": [
				"darkvision 60 ft."
			],
			"passive": 15,
			"languages": [
				"Common",
				"Elvish (can't speak in fox form)"
			],
			"cr": "3",
			"action": [
				{
					"name": "Multiattack",
					"entries": [
						"The werefox makes two Bite attacks, two Lance attacks, or one Bite attack and one Lance attack."
					]
				},
				{
					"name": "Bite (Fox or Hybrid Form Only)",
					"entries": [
						"{@atk mw} {@hit 5} to hit, reach 5 ft., one target. {@h}8 ({@damage 1d10 + 3}) piercing damage. If the werefox moved at least 20 feet straight toward the target immediately before the hit and the target is a Medium or smaller creature, the target must succeed on a {@dc 13} Strength saving throw or have the {@condition prone} condition."
					]
				},
				{
					"name": "Lance (Elf or Hybrid Form Only)",
					"entries": [
						"{@atk mw} {@hit 5} to hit, reach 10 ft., one target. {@h}9 ({@damage 1d12 + 3}) piercing damage."
					]
				},
				{
					"name": "Entangling Arrow (Elf or Hybrid Form Only)",
					"entries": [
						"{@atk rw} {@hit 5} to hit, range 150/600 ft., one target. {@h}10 ({@damage 2d6 + 3}) piercing damage, and the target must succeed on a {@dc 11} Dexterity saving throw or have the {@condition restrained} condition until the start of the werefox's next turn."
					]
				}
			],
			"bonus": [
				{
					"name": "Change Shape",
					"entries": [
						"The werefox polymorphs into a fox-elf hybrid, into a fox, or back into its elf form. Its game statistics, other than its speed, are the same in each form. Any equipment it is wearing or carrying isn't transformed. It reverts to its elf form if it dies."
					]
				},
				{
					"name": "Vulpine Nimbleness (Fox or Hybrid Form Only)",
					"entries": [
						"The werefox takes the Dash or Disengage action."
					]
				}
			],
			"attachedItems": [
				"lance|phb"
			],
			"senseTags": [
				"D"
			],
			"actionTags": [
				"Multiattack",
				"Shapechanger"
			],
			"languageTags": [
				"C",
				"CS",
				"E"
			],
			"damageTags": [
				"P"
			],
			"miscTags": [
				"MLW",
				"MW",
				"RCH",
				"RW"
			],
			"conditionInflict": [
				"prone",
				"restrained"
			],
			"savingThrowForced": [
				"dexterity",
				"strength"
			],
			"hasToken": true,
			"hasFluff": true,
			"hasFluffImages": true
		},
		{
			"name": "Sewer King",
			"source": "MCV4EC",
			"size": [
				"M"
			],
			"type": "fiend",
			"alignment": [
				"L",
				"E"
			],
			"alignmentPrefix": "typically ",
			"ac": [
				{
					"ac": 13,
					"from": [
						"natural armor"
					]
				}
			],
			"hp": {
				"average": 52,
				"formula": "8d8 + 16"
			},
			"speed": {
				"walk": 40
			},
			"str": 18,
			"dex": 13,
			"con": 14,
			"int": 8,
			"wis": 12,
			"cha": 11,
			"skill": {
				"perception": "+5",
				"stealth": "+3"
			},
			"senses": [
				"darkvision 120 ft."
			],
			"passive": 15,
			"immune": [
				"poison"
			],
			"conditionImmune": [
				"poisoned"
			],
			"languages": [
				"Infernal",
				"telepathy 30 ft."
			],
			"cr": "2",
			"trait": [
				{
					"name": "Beast Speech",
					"entries": [
						"The sewer king can comprehend and verbally communicate with any Beast."
					]
				}
			],
			"action": [
				{
					"name": "Rancid Bite",
					"entries": [
						"{@atk mw} {@hit 6} to hit, reach 5 ft., one target. {@h}8 ({@damage 1d8 + 4}) piercing damage plus 7 ({@damage 2d6}) acid damage. If the target is a creature, it must succeed on a {@dc 12} Constitution saving throw or have the {@condition poisoned} condition until the start of the sewer king's next turn."
					]
				},
				{
					"name": "Summon Swarm (1/Day)",
					"entries": [
						"The sewer king chitters and summons a swarm of rats to its aid. The swarm appears in an unoccupied space within 30 feet of the sewer king that the sewer king can see. It acts as the sewer king's ally, obeys the sewer king's commands, and takes its turn immediately after the sewer king's. The swarm remains until it dies, the sewer king dies, or until the sewer king dismisses it as an action."
					]
				}
			],
			"bonus": [
				{
					"name": "Skitter",
					"entries": [
						"The sewer king moves up to its speed without provoking opportunity attacks."
					]
				}
			],
			"senseTags": [
				"SD"
			],
			"languageTags": [
				"I",
				"TP"
			],
			"damageTags": [
				"A",
				"P"
			],
			"miscTags": [
				"MW"
			],
			"savingThrowForced": [
				"constitution"
			],
			"hasToken": true,
			"hasFluff": true,
			"hasFluffImages": true
		},
		{
			"name": "Snapping Hydra",
			"source": "MCV4EC",
			"size": [
				"H"
			],
			"type": "monstrosity",
			"alignment": [
				"U"
			],
			"ac": [
				{
					"ac": 20,
					"from": [
						"natural armor"
					]
				}
			],
			"hp": {
				"average": 149,
				"formula": "13d12 + 65"
			},
			"speed": {
				"walk": 30,
				"swim": 40
			},
			"str": 21,
			"dex": 5,
			"con": 21,
			"int": 2,
			"wis": 16,
			"cha": 7,
			"skill": {
				"perception": "+11"
			},
			"senses": [
				"darkvision 60 ft."
			],
			"passive": 21,
			"conditionImmune": [
				"blinded",
				"charmed",
				"deafened",
				"frightened",
				"stunned",
				"unconscious"
			],
			"cr": "11",
			"trait": [
				{
					"name": "Amphibious",
					"entries": [
						"The hydra can breathe air and water."
					]
				},
				{
					"name": "Multiple Heads",
					"entries": [
						"The hydra has five heads. Whenever the hydra takes 30 or more damage in a single turn, one of its heads dies. If all its heads die, the hydra dies.",
						"At the end of its turn, the hydra grows two heads for each of its heads that died since its last turn, unless it has taken cold damage since its last turn. The hydra regains 10 hit points for each head regrown this way."
					]
				},
				{
					"name": "Reactive Heads",
					"entries": [
						"For each head the hydra has beyond one, it gets an extra reaction that can be used only for opportunity attacks."
					]
				},
				{
					"name": "Wakeful",
					"entries": [
						"While the hydra sleeps, at least one of its heads is awake."
					]
				}
			],
			"action": [
				{
					"name": "Multiattack",
					"entries": [
						"The hydra makes as many Bite attacks as it has heads."
					]
				},
				{
					"name": "Bite",
					"entries": [
						"{@atk mw} {@hit 9} to hit, reach 10 ft., one target. {@h}14 ({@damage 2d8 + 5}) piercing damage."
					]
				},
				{
					"name": "Shell Defense",
					"entries": [
						"The hydra withdraws its limbs and heads into its shell. Until it emerges as a bonus action, it gains a +4 bonus to AC and has advantage on Strength and Constitution saving throws. While in its shell, the hydra has the {@condition prone} condition, its speed is 0 and can't increase, its heads can't die, it has disadvantage on Dexterity saving throws, and it can't take any other actions or reactions."
					]
				}
			],
			"traitTags": [
				"Amphibious"
			],
			"senseTags": [
				"D"
			],
			"actionTags": [
				"Multiattack"
			],
			"damageTags": [
				"P"
			],
			"miscTags": [
				"MW",
				"RCH"
			],
			"hasToken": true,
			"hasFluff": true,
			"hasFluffImages": true
		},
		{
			"name": "Specter of Night",
			"source": "MCV4EC",
			"size": [
				"H"
			],
			"type": "undead",
			"alignment": [
				"N",
				"E"
			],
			"alignmentPrefix": "typically ",
			"ac": [
				{
					"ac": 15,
					"from": [
						"natural armor"
					]
				}
			],
			"hp": {
				"average": 142,
				"formula": "15d12 + 45"
			},
			"speed": {
				"walk": 60,
				"fly": 60
			},
			"str": 22,
			"dex": 18,
			"con": 17,
			"int": 12,
			"wis": 13,
			"cha": 12,
			"save": {
				"dex": "+8",
				"wis": "+5"
			},
			"skill": {
				"perception": "+5"
			},
			"senses": [
				"darkvision 120 ft."
			],
			"passive": 15,
			"resist": [
				"necrotic"
			],
			"immune": [
				"poison"
			],
			"conditionImmune": [
				"exhaustion",
				"poisoned"
			],
			"languages": [
				"understands Common but can't speak"
			],
			"cr": "12",
			"trait": [
				{
					"name": "Legendary Resistance (3/Day)",
					"entries": [
						"If the specter fails a saving throw, it can choose to succeed instead."
					]
				},
				{
					"name": "Magic Resistance",
					"entries": [
						"The specter has advantage on saving throws against spells and other magical effects."
					]
				}
			],
			"action": [
				{
					"name": "Multiattack",
					"entries": [
						"The specter uses Mournful Keening if available, then makes one Hooves attack and one Reaping Scythe attack."
					]
				},
				{
					"name": "Hooves",
					"entries": [
						"{@atk mw} {@hit 10} to hit, reach 10 ft., one target. {@h}16 ({@damage 3d6 + 6}) bludgeoning damage plus 28 ({@damage 8d6}) necrotic damage. If the target is a Medium or smaller creature, it must succeed on a {@dc 18} Strength saving throw or have the {@condition prone} condition."
					]
				},
				{
					"name": "Mournful Keening {@recharge}",
					"entries": [
						"The specter utters a keening wail, calling to those close to death. Each non-Undead creature within 120 feet of the specter must make a {@dc 15} Constitution saving throw. On a failure, the creature hears the wail and is marked for death.",
						"A creature marked for death can't regain hit points, has disadvantage on death saving throws, and all attack rolls against it are made with advantage. This effect lasts for 1 minute or until the creature is targeted by a {@spell remove curse} spell or similar magic."
					]
				},
				{
					"name": "Reaping Scythe",
					"entries": [
						"{@atk mw} {@hit 10} to hit, reach 10 ft., one target. {@h}12 ({@damage 1d12 + 6}) slashing damage plus 28 ({@damage 8d6}) necrotic damage. If the target is a creature, it must succeed on a {@dc 15} Constitution saving throw or gain a level of {@condition exhaustion}."
					]
				}
			],
			"traitTags": [
				"Legendary Resistances",
				"Magic Resistance"
			],
			"senseTags": [
				"SD"
			],
			"actionTags": [
				"Multiattack"
			],
			"languageTags": [
				"C",
				"CS"
			],
			"damageTags": [
				"B",
				"N",
				"S"
			],
			"miscTags": [
				"MW",
				"RCH"
			],
			"conditionInflict": [
				"exhaustion"
			],
			"savingThrowForced": [
				"constitution",
				"strength"
			],
			"hasToken": true,
			"hasFluff": true,
			"hasFluffImages": true
		},
		{
			"name": "Sweettooth Horror",
			"source": "MCV4EC",
			"size": [
				"L"
			],
			"type": "fiend",
			"alignment": [
				"N",
				"E"
			],
			"alignmentPrefix": "typically ",
			"ac": [
				14
			],
			"hp": {
				"average": 58,
				"formula": "9d10 + 9"
			},
			"speed": {
				"walk": 40
			},
			"str": 15,
			"dex": 18,
			"con": 12,
			"int": 6,
			"wis": 8,
			"cha": 12,
			"senses": [
				"darkvision 60 ft."
			],
			"passive": 9,
			"immune": [
				"poison"
			],
			"vulnerable": [
				"bludgeoning"
			],
			"conditionImmune": [
				"charmed",
				"exhaustion",
				"poisoned"
			],
			"cr": "4",
			"trait": [
				{
					"name": "Caramelization",
					"entries": [
						"If the horror takes fire damage, it releases a sweet, mesmerizing scent. Each creature within 30 feet of the horror must succeed on a {@dc 11} Wisdom saving throw or have the {@condition charmed} condition. A {@condition charmed} creature can repeat the saving throw at the end of each of its turns, ending the effect on itself on a success."
					]
				},
				{
					"name": "Magic Resistance",
					"entries": [
						"The horror has advantage on saving throws against spells and other magical effects."
					]
				}
			],
			"action": [
				{
					"name": "Multiattack",
					"entries": [
						"The horror makes one Bite attack and two Candy Cane attacks."
					]
				},
				{
					"name": "Bite",
					"entries": [
						"{@atk mw} {@hit 6} to hit, reach 5 ft., one target. {@h}11 ({@damage 2d6 + 4}) piercing damage plus 10 ({@damage 3d6}) acid damage."
					]
				},
				{
					"name": "Candy Cane",
					"entries": [
						"{@atk mw} {@hit 6} to hit, reach 10 ft., one target. {@h}8 ({@damage 1d8 + 4}) bludgeoning damage. If the target is a Large or smaller creature, the horror can choose to deal no damage; instead, the target has the {@condition prone} condition, and the horror can pull the target up to 5 feet toward itself."
					]
				}
			],
			"traitTags": [
				"Magic Resistance"
			],
			"senseTags": [
				"D"
			],
			"actionTags": [
				"Multiattack"
			],
			"damageTags": [
				"A",
				"B",
				"P"
			],
			"miscTags": [
				"AOE",
				"MW",
				"RCH"
			],
			"savingThrowForced": [
				"wisdom"
			],
			"hasToken": true,
			"hasFluff": true,
			"hasFluffImages": true
		},
		{
			"name": "Tempest Hart",
			"source": "MCV4EC",
			"size": [
				"H"
			],
			"type": "elemental",
			"alignment": [
				"U"
			],
			"ac": [
				13
			],
			"hp": {
				"average": 147,
				"formula": "14d12 + 56"
			},
			"speed": {
				"walk": 50,
				"fly": 50
			},
			"str": 21,
			"dex": 17,
			"con": 18,
			"int": 3,
			"wis": 18,
			"cha": 14,
			"save": {
				"dex": "+7",
				"wis": "+8"
			},
			"skill": {
				"perception": "+12"
			},
			"passive": 22,
			"resist": [
				{
					"resist": [
						"bludgeoning",
						"piercing",
						"slashing"
					],
					"note": "from nonmagical attacks",
					"cond": true
				}
			],
			"immune": [
				"lightning",
				"thunder"
			],
			"conditionImmune": [
				"exhaustion"
			],
			"cr": "11",
			"trait": [
				{
					"name": "Legendary Resistance (3/Day)",
					"entries": [
						"If the hart fails a saving throw, it can choose to succeed instead."
					]
				}
			],
			"action": [
				{
					"name": "Multiattack",
					"entries": [
						"The hart makes a Lightning Antlers attack and a Thunder Hooves attack."
					]
				},
				{
					"name": "Lightning Antlers",
					"entries": [
						"{@atk mw} {@hit 9} to hit, reach 15 ft., one target. {@h}16 ({@damage 2d10 + 5}) lightning damage. If the target is a creature, it must succeed on a {@dc 16} Constitution saving throw or have the {@condition stunned} condition until the start of the hart's next turn."
					]
				},
				{
					"name": "Thunder Hooves",
					"entries": [
						"{@atk mw} {@hit 9} to hit, reach 5 ft., one target. {@h}14 ({@damage 2d8 + 5}) thunder damage."
					]
				}
			],
			"reactionHeader": [
				"The hart can take up to two reactions per round but only one per turn."
			],
			"reaction": [
				{
					"name": "Entangling Growth",
					"entries": [
						"Immediately after a creature the hart can see within 120 feet of itself hits it with an attack roll, the hart reduces the damage to itself by half. The attacker must immediately make a {@dc 16} Strength saving throw as beanstalks coil around it in its space. On a failed save, the creature has the {@condition grappled} condition (escape {@dc 16}) and has the {@condition restrained} condition as long as it is {@condition grappled}. The beanstalks vanish after 1 minute, if the hart has the {@condition incapacitated} condition, or when the hart dies."
					]
				},
				{
					"name": "Lightning Call",
					"entries": [
						"In response to making a saving throw, the hart calls down a bolt of lightning that targets a creature it can see within 120 feet of itself. The target must make a {@dc 16} Dexterity saving throw, taking 19 ({@damage 3d12}) lightning damage on a failed save, or half as much damage on a successful one."
					]
				}
			],
			"traitTags": [
				"Legendary Resistances"
			],
			"actionTags": [
				"Multiattack"
			],
			"damageTags": [
				"L",
				"T"
			],
			"miscTags": [
				"MW",
				"RCH"
			],
			"conditionInflict": [
				"grappled"
			],
			"savingThrowForced": [
				"constitution",
				"dexterity",
				"strength"
			],
			"hasToken": true,
			"hasFluff": true,
			"hasFluffImages": true
		},
		{
			"name": "Treefolk",
			"source": "MCV4EC",
			"size": [
				"L"
			],
			"type": {
				"type": "plant",
				"tags": [
					"druid"
				]
			},
			"alignment": [
				"A"
			],
			"ac": [
				{
					"ac": 17,
					"from": [
						"natural armor"
					]
				}
			],
			"hp": {
				"average": 171,
				"formula": "18d10 + 72"
			},
			"speed": {
				"walk": 30
			},
			"str": 23,
			"dex": 12,
			"con": 18,
			"int": 10,
			"wis": 20,
			"cha": 11,
			"save": {
				"con": "+8",
				"int": "+4",
				"wis": "+9"
			},
			"skill": {
				"insight": "+9",
				"nature": "+8",
				"perception": "+9"
			},
			"senses": [
				"blindsight 30 ft."
			],
			"passive": 19,
			"resist": [
				"bludgeoning",
				"piercing"
			],
			"vulnerable": [
				"fire"
			],
			"languages": [
				"Common",
				"Druidic",
				"Sylvan"
			],
			"cr": "11",
			"spellcasting": [
				{
					"name": "Spellcasting",
					"type": "spellcasting",
					"headerEntries": [
						"The treefolk casts one of the following spells, requiring no material components and using Wisdom as the spellcasting ability (spell save {@dc 17}):"
					],
					"will": [
						"{@spell detect poison and disease}",
						"{@spell druidcraft}"
					],
					"daily": {
						"1": [
							"{@spell commune with nature} (as an action)"
						],
						"2e": [
							"{@spell enlarge/reduce}",
							"{@spell speak with plants}"
						]
					},
					"ability": "wis",
					"displayAs": "action"
				}
			],
			"trait": [
				{
					"name": "Plant Camouflage",
					"entries": [
						"The treefolk has advantage on Dexterity ({@skill Stealth}) checks it makes in forest terrain."
					]
				},
				{
					"name": "Tree Stride",
					"entries": [
						"Once on each of its turns, the treefolk can use 10 feet of its movement to step magically into one living tree within 5 feet of itself and emerge from a second living tree within 60 feet of itself that it can see, appearing in an unoccupied space within 5 feet of the second tree. Both trees must be at least as large as the treefolk."
					]
				}
			],
			"action": [
				{
					"name": "Multiattack",
					"entries": [
						"The treefolk makes two Crushing Vine attacks, two Nightshade Bolt attacks, or one of each."
					]
				},
				{
					"name": "Crushing Vine",
					"entries": [
						"{@atk mw} {@hit 10} to hit, reach 10 ft., one target. {@h}25 ({@damage 3d12 + 6}) bludgeoning damage. If the target is a creature, it has the {@condition grappled} condition (escape {@dc 18}). While {@condition grappled}, the creature also has the {@condition restrained} condition. The treefolk can grapple up to six creatures this way."
					]
				},
				{
					"name": "Nightshade Bolt",
					"entries": [
						"{@atk rs} {@hit 9} to hit, range 60 ft., one target. {@h}33 ({@damage 6d10}) poison damage."
					]
				}
			],
			"bonus": [
				{
					"name": "Oaken Boon",
					"entries": [
						"The treefolk blesses one creature other than itself that it can see within 60 feet of itself with the might and wisdom of the forest. While blessed in this way, a creature can use the treefolk's Tree Stride trait and gains 5 ({@dice 2d4}) temporary hit points at the start of each of its turns. This blessing lasts for 1 minute, until the treefolk has the {@condition incapacitated} condition, or until the treefolk uses this bonus action again."
					]
				}
			],
			"traitTags": [
				"Tree Stride"
			],
			"senseTags": [
				"B"
			],
			"actionTags": [
				"Multiattack"
			],
			"languageTags": [
				"C",
				"DU",
				"S"
			],
			"damageTags": [
				"B",
				"I"
			],
			"spellcastingTags": [
				"O"
			],
			"miscTags": [
				"MW",
				"RCH"
			],
			"savingThrowForcedSpell": [
				"constitution"
			],
			"hasToken": true,
			"hasFluff": true,
			"hasFluffImages": true
		},
		{
			"name": "Witchkite",
			"source": "MCV4EC",
			"size": [
				"H"
			],
			"type": {
				"type": "dragon",
				"tags": [
					"warlock"
				]
			},
			"alignment": [
				"C",
				"E"
			],
			"alignmentPrefix": "typically ",
			"ac": [
				{
					"ac": 16,
					"from": [
						"natural armor"
					]
				}
			],
			"hp": {
				"average": 220,
				"formula": "21d12 + 84"
			},
			"speed": {
				"walk": 40,
				"fly": 80
			},
			"str": 23,
			"dex": 10,
			"con": 18,
			"int": 15,
			"wis": 17,
			"cha": 19,
			"save": {
				"dex": "+5",
				"wis": "+8",
				"cha": "+9"
			},
			"skill": {
				"arcana": "+7",
				"perception": "+8",
				"stealth": "+5"
			},
			"senses": [
				"darkvision 120 ft."
			],
			"passive": 18,
			"resist": [
				"fire",
				"psychic"
			],
			"languages": [
				"Draconic"
			],
			"cr": "15",
			"spellcasting": [
				{
					"name": "Spellcasting",
					"type": "spellcasting",
					"headerEntries": [
						"The witchkite casts one of the following spells, requiring no material components and using Charisma as the spellcasting ability (spell save {@dc 17}):"
					],
					"will": [
						"{@spell detect magic}",
						"{@spell minor illusion}",
						"{@spell speak with dead}"
					],
					"daily": {
						"1e": [
							"{@spell detect thoughts}",
							"{@spell dimension door}",
							"{@spell hold monster}"
						]
					},
					"ability": "cha",
					"displayAs": "action"
				}
			],
			"trait": [
				{
					"name": "Legendary Resistance (3/Day)",
					"entries": [
						"If the witchkite fails a saving throw, it can choose to succeed instead."
					]
				}
			],
			"action": [
				{
					"name": "Multiattack",
					"entries": [
						"The witchkite makes two Rend attacks and uses Malevolent Flare once."
					]
				},
				{
					"name": "Rend",
					"entries": [
						"{@atk mw} {@hit 11} to hit, reach 10 ft., one target. {@h}16 ({@damage 3d6 + 6}) slashing damage."
					]
				},
				{
					"name": "Malevolent Flare",
					"entries": [
						"The witchkite spits magical, green-tinged flame at one creature it can see within 60 feet of itself. The target must make a {@dc 17} Dexterity saving throw. On a failed save, the target takes 22 ({@damage 5d8}) fire damage and suffers one of the following effects of the witchkite's choice:",
						{
							"type": "list",
							"items": [
								"The target must use its reaction to make a melee attack against another creature of the witchkite's choice that is within the target's reach.",
								"The target takes 13 ({@damage 2d12}) psychic damage."
							]
						},
						"On a successful save, the target takes half as much damage only."
					]
				}
			],
			"reactionHeader": [
				"The witchkite can take up to two reactions per round but only one per turn."
			],
			"reaction": [
				{
					"name": "Enchanting Gaze",
					"entries": [
						"When a creature the witchkite can see moves within 10 feet of it, the witchkite emits an enchanting gaze at the creature. The creature must succeed on a {@dc 17} Wisdom saving throw or take 10 ({@damage 3d6}) psychic damage and have the {@condition charmed} condition until the end of its next turn."
					]
				},
				{
					"name": "Retribution",
					"entries": [
						"Immediately after taking damage from a melee attack, the witchkite makes one Rend attack against the attacker."
					]
				}
			],
			"traitTags": [
				"Legendary Resistances"
			],
			"senseTags": [
				"SD"
			],
			"actionTags": [
				"Multiattack"
			],
			"languageTags": [
				"DR"
			],
			"damageTags": [
				"F",
				"S",
				"Y"
			],
			"damageTagsSpell": [
				"O"
			],
			"spellcastingTags": [
				"O"
			],
			"miscTags": [
				"MW",
				"RCH"
			],
			"conditionInflict": [
				"charmed"
			],
			"conditionInflictSpell": [
				"paralyzed"
			],
			"savingThrowForced": [
				"dexterity",
				"wisdom"
			],
			"savingThrowForcedSpell": [
				"wisdom"
			],
			"hasToken": true,
			"hasFluff": true,
			"hasFluffImages": true
		},
		{
			"name": "Witchstalker",
			"source": "MCV4EC",
			"size": [
				"L"
			],
			"type": "monstrosity",
			"alignment": [
				"U"
			],
			"ac": [
				13
			],
			"hp": {
				"average": 82,
				"formula": "11d10 + 22"
			},
			"speed": {
				"walk": 60
			},
			"str": 18,
			"dex": 16,
			"con": 15,
			"int": 8,
			"wis": 12,
			"cha": 6,
			"save": {
				"str": "+7",
				"wis": "+4"
			},
			"skill": {
				"perception": "+7",
				"stealth": "+6"
			},
			"senses": [
				"truesight 60 ft."
			],
			"passive": 17,
			"languages": [
				"understands Common but can't speak"
			],
			"cr": "6",
			"trait": [
				{
					"name": "Magic Resistance",
					"entries": [
						"The witchstalker has advantage on saving throws against spells and other magical effects."
					]
				},
				{
					"name": "Smell Magic",
					"entries": [
						"The witchstalker can sense the presence and location of magic within 120 feet of itself. It also has advantage on attack rolls against creatures that have cast a spell since the end of the witchstalker's last turn."
					]
				}
			],
			"action": [
				{
					"name": "Multiattack",
					"entries": [
						"The witchstalker makes two Bite attacks."
					]
				},
				{
					"name": "Bite",
					"entries": [
						"{@atk mw} {@hit 7} to hit, reach 5 ft., one target. {@h}14 ({@damage 3d6 + 4}) piercing damage. If the target is a Large or smaller creature, it must succeed on a {@dc 15} Strength saving throw or have the {@condition prone} condition."
					]
				},
				{
					"name": "Mind-Wracking Howl {@recharge 5}",
					"entries": [
						"The witchstalker unleashes a terrible howl, and each creature within 30 feet of it that isn't a Monstrosity must make a {@dc 13} Wisdom saving throw. On a failed save, a creature takes 24 ({@damage 7d6}) psychic damage and has disadvantage on Constitution saving throws to maintain {@status concentration} on spells until the end of its next turn. On a successful save, a creature takes half as much damage only."
					]
				}
			],
			"reaction": [
				{
					"name": "Spell Stalk",
					"entries": [
						"Immediately after a creature within 120 feet of the witchstalker casts a spell, the witchstalker magically teleports to an unoccupied space within 5 feet of the creature and can make one Bite attack against the creature."
					]
				}
			],
			"traitTags": [
				"Magic Resistance"
			],
			"senseTags": [
				"U"
			],
			"actionTags": [
				"Multiattack"
			],
			"languageTags": [
				"C",
				"CS"
			],
			"damageTags": [
				"P",
				"Y"
			],
			"miscTags": [
				"AOE",
				"MW"
			],
			"savingThrowForced": [
				"strength"
			],
			"hasToken": true,
			"hasFluff": true,
			"hasFluffImages": true
		}
	]
}
