{
	"data": [
		{
			"type": "section",
			"name": "Introduction",
			"page": 3,
			"entries": [
				{
					"type": "gallery",
					"images": [
						{
							"type": "image",
							"href": {
								"type": "internal",
								"path": "book/PSZ/001.webp"
							},
							"width": 1229,
							"height": 1586
						},
						{
							"type": "image",
							"href": {
								"type": "internal",
								"path": "book/PSZ/002.webp"
							},
							"title": "Tazeem",
							"credit": "Aleksi Briclot",
							"width": 480,
							"height": 621
						}
					]
				},
				{
					"type": "quote",
					"entries": [
						"{@i Dungeons & Dragons and Magic: The Gathering} are two different games, but that doesn't mean their multiverses can't meet.",
						"From the beginning, Magic's plane of Zendikar was conceived as an \"adventure world\" where parties of explorers delve into ancient ruins in search of wonders and treasures, fighting the monsters they encounter on the way. Many of the plane's creative roots lie in D&D, so it should be no surprise that {@i The Art of Magic: The Gathering\u2014Zendikar} feels a lot like a D&D campaign setting book. It's littered with adventure hooks and story seeds, and lacks only the specific rules references you'd need to adapt Zendikar's races, monsters, and adventures to a tabletop D&D campaign. And it's all surrounded by amazing fantasy art that holds boundless inspiration in itself.",
						"You can think of {@i Plane Shift: Zendikar} as a sort of supplement to {@i The Art of Magic: The Gathering\u2014Zendikar}, designed to help you take the world detail and story seeds contained in that book and turn them into an exciting D&D campaign. The easiest way to approach a D&D campaign set on Zendikar is to use the rules that D&D provides mostly as written: A druid on Zendikar might call on green mana and cast spells like giant growth, but she's still just a druid in the D&D rules (perhaps casting {@spell giant insect}).",
						"{@i Plane Shift: Zendikar} was made using the fifth edition of the D&D rules that you can find here. D&D is a flexible rules system designed to model any kind of fantasy world. The D&D magic system doesn't involve five colors of mana or a ramping-up to your most powerful spells, but the goal isn't to mirror the experience of {@i playing} Magic in your roleplaying game. The point is to experience the {@i worlds} of Magic in a new way, through the lens of the D&D rules. All you really need is races for the characters, monsters for them to face, and some ideas to build a campaign.",
						"Finally, {@i The Art of Magic: The Gathering\u2014Zendikar} will help you create a D&D campaign in Zendikar, but you don't actually need the book to make use of this material\u2014you can also refer to the abundance of lore about Zendikar found on {@link magicthegathering.com}."
					],
					"skipItalics": true,
					"skipMarks": true,
					"by": "James Wyatt"
				},
				"The game mechanics in this supplement are usable in your D&D campaign but are not fully tempered by playtests and design iterations. For these reasons, material in this supplement is not legal in D&D Organized Play events.",
				{
					"type": "image",
					"href": {
						"type": "internal",
						"path": "book/PSZ/003.webp"
					},
					"title": "Seek the Wilds",
					"credit": "Anna Steinbauer",
					"width": 254,
					"height": 620
				},
				{
					"type": "section",
					"name": "The World",
					"page": 4,
					"entries": [
						{
							"type": "image",
							"href": {
								"type": "internal",
								"path": "book/PSZ/004.webp"
							},
							"width": 314,
							"height": 828,
							"title": "Battle for Zendikar",
							"credit": "Greg Semkow"
						},
						"Zendikar is a dangerous world of lethal risks and priceless rewards. From the perspective of its inhabitants, it is a hostile place that seems to be actively trying to kill any creature that has the audacity to live there. The danger is unrelenting. Precarious terrain, cunning predators, and natural disasters on a massive scale all present a constant challenge to survival\u2014as do the unpredictable ripples of change that wash through the plane, known to its people as the Roil. Even the mana that suffuses the land is wild and hard to tame. It feels almost alive to those who wield it, and sometimes causes the land to manifest magical effects much like spells. Zendikar is a plane of deadly peril, but the denizens of that plane grow up strong and resilient, prepared for the dangers of the only world they know.",
						"Planeswalkers\u2014powerful mages with the ability to travel from world to world in the vast multiverse\u2014have a larger perspective. To them, the dangers of Zendikar take on a different meaning. Ages ago, three alien beings of tremendous power were imprisoned on Zendikar in an effort to prevent them from consuming the entire multiverse, plane by plane. But the presence of these Eldrazi within the plane is like a festering infection within a living body. Zendikar isn't trying to exterminate all the creatures that inhabit the plane\u2014it's been trying in vain to destroy the Eldrazi. Its inhabitants just happen to get in the way.",
						"After centuries of being trapped in their magical prison, the Eldrazi are once again free. The other dangers of Zendikar pale in comparison to the rampaging of the three titans and the numberless broods they spawn. Civilization on Zendikar, always fragile and tentative, now teeters on the brink of destruction, and the plane itself seems threatened with extinction.",
						{
							"type": "entries",
							"name": "Adventures on Zendikar",
							"page": 4,
							"entries": [
								"Zendikar is a world rife with adventure opportunities. Bold heroes, covetous treasure hunters, and sages seeking long-forgotten lore can all find numerous ruins to explore, mysteries to uncover, and villains and monsters to slay. Expeditionary houses, academic institutions, wealthy merchants, and retired adventurers all sponsor missions of exploration and discovery. Caravans need guards to protect them from bandits, predators, and the Roil. At the same time, the schemes of villains\u2014from the underhanded vampire sage Anowon to the monstrous demon Planeswalker Ob Nixilis\u2014draw would-be heroes in like moths to the flame."
							],
							"id": "002"
						},
						{
							"type": "entries",
							"name": "Ruins of Zendikar",
							"page": 5,
							"entries": [
								"Zendikar is littered with ancient sites ripe for exploration. Before the rise of the Eldrazi, expeditions to such sites were largely motivated by curiosity, the hunt for wealth or fame, or quests for magical power. Since the Eldrazi broke free of their prison, though, brave explorers have delved into these ruins in hopes of learning more about the threat they face\u2014and how to stop it.",
								"Player characters in a Zendikar campaign might find ruins dating from any era of that plane's history: before the arrival of the Eldrazi, the period when the Eldrazi first arrived (while the Planeswalkers worked to trap them), or the relatively peaceful time afterward.",
								{
									"type": "entries",
									"entries": [
										{
											"type": "entries",
											"name": "Pre-Eldrazi Ruins",
											"page": 5,
											"entries": [
												"Before the Eldrazi ever came to Zendikar, it was not an especially remarkable world. It had powerful mana and boasted mighty civilizations of humans (on all seven continents), kor (primarily in Ondu and Akoum), elves (primarily in Murasa and Bala Ged), and merfolk (primarily in Tazeem, Guul Draz, and Sejiri). Ruins from this era naturally suggest no knowledge of the Eldrazi or the three gods inspired by the Eldrazi titans. These civilizations had their own gods, unrecognizable to contemporary eyes. In modern times, before the rise of the Eldrazi, these civilizations were often mistakenly identified as \"Eldrazi,\" giving rise to a number of misconceptions about the nature of those alien creatures.",
												"The time before the Eldrazi was an age of powerful magic. Ruins from this era are often warded by magical traps, but they offer commensurate rewards in the form of magic items and other magical effects (such as healing fountains). They are often haunted by spirits, shades, and wraiths, and lingering magical effects make them attractive homes for demons. Magical constructs and golems can also be found in such ruins (though not constructs made from hedrons), often standing guard over treasure vaults. Of course, some ruins have been exposed to the elements and claimed as lairs by natural animals or goblins. Monetary treasure in the ruins of Zendikar is often in the form of gems or precious art objects, but they also hold ancient coins of strange provenance, including electrum and platinum.",
												"It is possible that living descendants of these ancient civilizations still inhabit particularly remote ruins. Such inhabitants might be monstrously degenerated from their original forms\u2014kuo-toa with only the vaguest resemblance to their merfolk ancestors, or tieflings or yuan-ti descended from human cultures that polluted their bloodlines with dark magic.",
												"Sites from this era include the following:",
												{
													"type": "list",
													"items": [
														"Ior Ruin (Akoum)",
														"Singing City (Murasa)",
														"The Cipher in Flames (Murasa)",
														"Faduun (Jwar Isle in Ondu)",
														"The Sunspring (Tazeem)",
														"Benthidrix (Sejiri)"
													]
												},
												{
													"type": "image",
													"href": {
														"type": "internal",
														"path": "book/PSZ/005.webp"
													},
													"title": "Ior Ruin Expedition",
													"credit": "Chris Rahn",
													"width": 597,
													"height": 372
												}
											],
											"id": "005"
										},
										{
											"type": "entries",
											"name": "Ruins of the Eldrazi Era",
											"page": 6,
											"entries": [
												"When Ugin, Sorin, and Nahiri trapped the Eldrazi on Zendikar, the resulting chaos and devastation ultimately led to the downfall of the plane's ancient civilizations. Before that fall, though, powerful nations mustered mighty armies and great magic to fight the Eldrazi spawn that swarmed over the world. They harnessed existing magic as well as the power of Nahiri's hedrons to aid their efforts, and magical technology from this era is now highly sought after with the threat of the Eldrazi renewed. Magical weapons, often incorporating patterns that resemble the engravings on the hedrons, are often found in the ruins of this age. Likewise, scrolls and tomes containing knowledge of the Eldrazi and spells useful for binding or destroying them can still be found in ancient libraries of the Eldrazi era.",
												"Temples from this era depict some of the old gods, but the worship of angels also began in this period. Some churches were raised around godlike images of Ugin (and, to a lesser extent, Sorin and Nahiri).",
												"This era boasted the creation of sites such as these:",
												{
													"type": "list",
													"items": [
														"Eye of Ugin (Akoum)",
														"Tal Terig (Akoum)",
														"Crypt of Agadeem (Ondu)",
														"Emeria, the Sky Ruin (Tazeem)"
													]
												},
												{
													"type": "image",
													"href": {
														"type": "internal",
														"path": "book/PSZ/006.webp"
													},
													"title": "Emeria, the Sky Ruin",
													"credit": "Jamie Jones",
													"width": 485,
													"height": 503
												}
											],
											"id": "006"
										},
										{
											"type": "entries",
											"name": "Post-Eldrazi Ruins",
											"page": 6,
											"entries": [
												"Once the Eldrazi vanished from Zendikar and Nahiri entered her stasis in the Eye of Ugin, the face of the plane changed forever. The Roil destroyed many settlements, and the kor began their nomadic lifestyle. Over time, the true nature of the Eldrazi horror was forgotten, and artistic representations of the titans as the gods of the merfolk and kor appeared in temples. Among the kor, these images were sometimes accompanied by statues of Nahiri, the \"prophet of Talib\" who taught her people the stoneforge arts.",
												"Post-Eldrazi sites include the following:",
												{
													"type": "list",
													"items": [
														"The Living Spire (Murasa)",
														"Ula Temple (Tazeem)",
														"Hagra Cistern (Guul Draz)",
														"Helix of Zof (Guul Draz)"
													]
												},
												{
													"type": "image",
													"href": {
														"type": "internal",
														"path": "book/PSZ/007.webp"
													},
													"title": "Watery Grave",
													"credit": "Min Yum",
													"width": 354,
													"height": 818
												}
											],
											"id": "007"
										}
									],
									"id": "004"
								}
							],
							"id": "003"
						}
					],
					"id": "001"
				}
			],
			"id": "000"
		},
		{
			"type": "section",
			"name": "Races of Zendikar",
			"page": 7,
			"entries": [
				{
					"type": "image",
					"href": {
						"type": "internal",
						"path": "book/PSZ/008.webp"
					},
					"title": "Inspired Charge",
					"credit": "Willian Murai",
					"width": 477,
					"height": 617
				},
				{
					"type": "list",
					"columns": 3,
					"items": [
						"{@race Elf (Zendikar)|PSZ}",
						"{@race Elf (Zendikar; Joraga Nation)|PSZ}",
						"{@race Elf (Zendikar; Mul Daya Nation)|PSZ}",
						"{@race Elf (Zendikar; Tajuru Nation)|PSZ}",
						"{@race Goblin|PSZ}",
						"{@race Goblin (Zendikar; Grotag Tribe)|PSZ}",
						"{@race Goblin (Zendikar; Lavastep Tribe)|PSZ}",
						"{@race Goblin (Zendikar; Tuktuk Tribe)|PSZ}",
						"{@race Human (Zendikar)|PSZ}",
						"{@race Kor|PSZ}",
						"{@race Merfolk|PSZ}",
						"{@race Merfolk (Zendikar; Cosi Creed)|PSZ}",
						"{@race Merfolk (Zendikar; Emeria Creed)|PSZ}",
						"{@race Merfolk (Zendikar; Ula Creed)|PSZ}",
						"{@race Vampire|PSZ}",
						"{@race Vampire (Zendikar)|PSZ}"
					]
				}
			],
			"id": "008"
		},
		{
			"type": "section",
			"name": "A Zendikar Bestiary",
			"page": 20,
			"entries": [
				{
					"type": "image",
					"href": {
						"type": "internal",
						"path": "book/PSZ/009.webp"
					},
					"title": "Iona, Shield of Emeria",
					"credit": "Jason Chan",
					"width": 480,
					"height": 620
				},
				"For the most part, there's no need to craft new monsters out of whole cloth to reflect the creatures of Zendikar. The D&D Monster Manual is full of creatures that have obvious equivalents on Zendikar. That plane's loam lion is just a kind of lion, for example. There are also plenty of close equivalents. An ankheg from the Monster Manual is a fine way to represent a caustic crawler, and similar examples abound. The goal of this section is to guide your choices of such equivalents. The Eldrazi are an exception\u2014they're such an important part of the story of Zendikar that they deserve a little more attention.",
				{
					"type": "list",
					"columns": 3,
					"items": [
						"{@creature Angel|PSZ}",
						"{@creature Archon of Redemption|PSZ}",
						"{@creature Baloth|PSZ}",
						"{@creature Boulderfoot Giant|PSZ}",
						"{@creature Caustic Crawler|PSZ}",
						"{@creature Drake (Large)|PSZ}",
						"{@creature Drake (Small)|PSZ}",
						"{@creature Emrakul|PSZ}",
						"{@creature Felidar|PSZ}",
						"{@creature Gnarlid|PSZ}",
						"{@creature Gomazoa|PSZ}",
						"{@creature Great Cat|PSZ}",
						"{@creature Griffin (Type 1)|PSZ}",
						"{@creature Griffin (Type 2)|PSZ}",
						"{@creature Heartstabber Mosquito|PSZ}",
						"{@creature Hellion|PSZ}",
						"{@creature Hurda|PSZ}",
						"{@creature Iona|PSZ}",
						"{@creature Kozilek|PSZ}",
						"{@creature Kraken|PSZ}",
						"{@creature Linvala|PSZ}",
						"{@creature Ogre Channeler|PSZ}",
						"{@creature Oxen|PSZ}",
						"{@creature Pestilence Demon|PSZ}",
						"{@creature Shade|PSZ}",
						"{@creature Shatterskull Giant|PSZ}",
						"{@creature Shoal Serpent|PSZ}",
						"{@creature Sphinx (Type 1)|PSZ}",
						"{@creature Sphinx (Type 2)|PSZ}",
						"{@creature Spirit|PSZ}",
						"{@creature Surrakar|PSZ}",
						"{@creature Terastodon|PSZ}",
						"{@creature Terra Stomper|PSZ}",
						"{@creature Timbermaw|PSZ}",
						"{@creature Trench Giant|PSZ}",
						"{@creature Turntimber Giant|PSZ}",
						"{@creature Ulamog|PSZ}",
						"{@creature Vampire Null|PSZ}",
						"{@creature Woodcrasher Baloth|PSZ}",
						"{@creature Wraith|PSZ}",
						"{@creature Wurm|PSZ}",
						"{@creature Zendikar Dragon|PSZ}",
						"{@creature Zendikar Golem|PSZ}"
					]
				}
			],
			"id": "009"
		},
		{
			"type": "entries",
			"name": "Credits",
			"entries": [
				{
					"type": "list",
					"style": "list-hang-notitle",
					"items": [
						"Written by James Wyatt",
						"Cover art by Adam Paquette"
					]
				}
			]
		}
	]
}
