{
	"data": [
		{
			"type": "section",
			"name": "Introduction: Multiversal Menagerie",
			"page": 4,
			"id": "000",
			"entries": [
				{
					"type": "quote",
					"entries": [
						"\"Morte. A self-professed 'famous' planar traveler who often poses as a mimir to\u2013\""
					],
					"from": "Partial mimir response on the subject \"Morte\""
				},
				{
					"type": "quote",
					"entries": [
						"\"Whoa, hey, hey! Zip it there, bud! I don't know who got you a defective mimir, Chief, but I'll tell you what's what from here out.\""
					],
					"by": "Morte"
				},
				"Planar travelers often find {@item Mimir|SatO|mimirs} invaluable in learning about reality and avoiding doom at the hands, claws, fangs, tentacles, proboscises, ovipositors, and other appendages of the multiverse's countless predatory and lethally grumpy inhabitants.",
				{
					"type": "image",
					"href": {
						"type": "internal",
						"path": "book/MPP/000-00-001.sigil-busy.webp"
					},
					"title": "Creatures from every corner of the multiverse crowd Sigil's busy streets",
					"credit": "Chris Seaman",
					"width": 1700,
					"height": 1136
				},
				"{@creature Morte|ToFW}, however, isn't a {@item mimir|SatO}.",
				"A floating skull with a penchant for speaking his mind and claiming expertise, Morte is one of Sigil's many unique inhabitants and an accomplished explorer of the planes. For the right amount of coin or a future favor, Morte is quick to offer his advice, insights, and commentary on the many inhabitants of the planes. This book contains useful data gleaned from Morte's stories and ramblings. Still, the planes are vast and varied, and what Morte experienced as true might not match all circumstances. Reader beware.",
				{
					"type": "section",
					"name": "Using a Stat Block",
					"page": 4,
					"id": "001",
					"entries": [
						"This book is a companion to the {@book Monster Manual|MM} and uses a similar presentation. If you are unfamiliar with the monster stat block format, read the {@book introduction|MM|0} of the {@book Monster Manual|MM} before proceeding. That book explains stat block terminology and gives rules for various monster traits\u2014information that isn't repeated here.",
						"The {@book Stat Blocks by Challenge Rating table|MPP|0|Stat Blocks by Challenge Rating} sorts the creatures in this book by challenge rating. Most of these creatures appear in the \"{@book Bestiary A to Z|MPP|1}\" section, but those marked with an asterisk (*) appear in the \"{@book Faction Agents|MPP|1|Faction Agents}\" section.",
						{
							"type": "entries",
							"name": "Unusual Attacks and Magic",
							"page": 4,
							"id": "002",
							"entries": [
								"Some creatures have weapons that deal unusual damage types and spellcasting that functions in an atypical way. Such an exception is a special feature of a stat block and represents how the creature uses its weapon or casts its spells; the exception has no effect on how a weapon or spell functions for a different creature."
							]
						},
						{
							"type": "entries",
							"name": "Meeting Magic Item Prerequisites",
							"page": 4,
							"id": "003",
							"entries": [
								"If a stat block contains the name of a class in parentheses under the creature's name, the creature is considered a member of that class for the purpose of meeting prerequisites for magic items.",
								{
									"type": "image",
									"href": {
										"type": "internal",
										"path": "book/MPP/001-00-002.sunfly-side.webp"
									},
									"title": "Sunflies influenced by various Outer Planes inhabit every corner of the Outlands",
									"credit": "Brian Valeza",
									"width": 850,
									"height": 2403
								},
								{
									"type": "table",
									"caption": "Stat Blocks by Challenge Rating",
									"colLabels": [
										"CR",
										"Stat Block",
										"Creature Type"
									],
									"colStyles": [
										"col-2 text-center",
										"col-6",
										"col-4"
									],
									"rows": [
										[
											"0",
											"{@creature Cranium rat squeaker|MPP}",
											"Aberration"
										],
										[
											"0",
											"{@creature Sunfly|MPP}",
											"Celestial"
										],
										[
											"1",
											"{@creature Swarm of sunflies|MPP}",
											"Celestial"
										],
										[
											"1",
											"{@creature Vargouille reflection|MPP}",
											"Fiend"
										],
										[
											"2",
											"{@creature Dabus|MPP}",
											"Celestial"
										],
										[
											"2",
											"{@creature Lantern archon|MPP}",
											"Celestial"
										],
										[
											"2",
											"{@creature Musteval guardinal|MPP}",
											"Celestial"
										],
										[
											"3",
											"{@creature Bariaur wanderer|MPP}",
											"Celestial"
										],
										[
											"3",
											"{@creature Bleak Cabal void soother|MPP}*",
											"Humanoid"
										],
										[
											"3",
											"{@creature Githzerai traveler|MPP}",
											"Aberration"
										],
										[
											"3",
											"{@creature Harmonium peacekeeper|MPP}*",
											"Humanoid"
										],
										[
											"3",
											"{@creature Society of Sensation muse|MPP}*",
											"Humanoid"
										],
										[
											"3",
											"{@creature Transcendent Order instinct|MPP}*",
											"Humanoid"
										],
										[
											"4",
											"{@creature Hands of Havoc fire starter|MPP}*",
											"Humanoid"
										],
										[
											"4",
											"{@creature Heralds of Dust remnant|MPP}*",
											"Humanoid"
										],
										[
											"4",
											"{@creature Hound archon|MPP}",
											"Celestial"
										],
										[
											"4",
											"{@creature Mind's Eye matter smith|MPP}*",
											"Humanoid"
										],
										[
											"5",
											"{@creature Athar null|MPP}*",
											"Humanoid"
										],
										[
											"5",
											"{@creature Cranium rat squeaker swarm|MPP}",
											"Aberration"
										],
										[
											"5",
											"{@creature Fated shaker|MPP}*",
											"Humanoid"
										],
										[
											"5",
											"{@creature Time dragon wyrmling|MPP}",
											"Dragon"
										],
										[
											"6",
											"{@creature Doomguard rot blade|MPP}*",
											"Humanoid"
										],
										[
											"6",
											"{@creature Eater of knowledge|MPP}",
											"Aberration"
										],
										[
											"6",
											"{@creature Equinal guardinal|MPP}",
											"Celestial"
										],
										[
											"7",
											"{@creature Githzerai uniter|MPP}",
											"Aberration"
										],
										[
											"7",
											"{@creature Mercykiller bloodhound|MPP}*",
											"Humanoid"
										],
										[
											"8",
											"{@creature Decaton modron|MPP}",
											"Celestial"
										],
										[
											"8",
											"{@creature Harmonium captain|MPP}*",
											"Humanoid"
										],
										[
											"8",
											"{@creature Transcendent Order conduit|MPP}*",
											"Humanoid"
										],
										[
											"8",
											"{@creature Warden archon|MPP}",
											"Celestial"
										],
										[
											"9",
											"{@creature Avoral guardinal|MPP}",
											"Celestial"
										],
										[
											"9",
											"{@creature Ferrumach rilmani|MPP}",
											"Celestial"
										],
										[
											"9",
											"{@creature Fraternity of Order law bender|MPP}*",
											"Humanoid"
										],
										[
											"9",
											"{@creature Githzerai futurist|MPP}",
											"Aberration"
										],
										[
											"10",
											"{@creature Darkweaver|MPP}",
											"Aberration"
										],
										[
											"10",
											"{@creature Maelephant|MPP}",
											"Fiend"
										],
										[
											"10",
											"{@creature Nonaton modron|MPP}",
											"Construct"
										],
										[
											"11",
											"{@creature Farastu demodand|MPP}",
											"Fiend"
										],
										[
											"11",
											"{@creature Octon modron|MPP}",
											"Construct"
										],
										[
											"11",
											"{@creature Young time dragon|MPP}",
											"Dragon"
										],
										[
											"12",
											"{@creature Cuprilach rilmani|MPP}",
											"Celestial"
										],
										[
											"12",
											"{@creature Doomguard doom lord|MPP}*",
											"Humanoid"
										],
										[
											"12",
											"{@creature Septon modron|MPP}",
											"Construct"
										],
										[
											"13",
											"{@creature Hexton modron|MPP}",
											"Construct"
										],
										[
											"13",
											"{@creature Kelubar demodand|MPP}",
											"Fiend"
										],
										[
											"14",
											"{@creature Shemeshka|MPP}",
											"Fiend"
										],
										[
											"16",
											"{@creature Shator demodand|MPP}",
											"Fiend"
										],
										[
											"17",
											"{@creature Aurumach rilmani|MPP}",
											"Celestial"
										],
										[
											"17",
											"{@creature Baernaloth|MPP}",
											"Fiend"
										],
										[
											"18",
											"{@creature Adult time dragon|MPP}",
											"Dragon"
										],
										[
											"20",
											"{@creature Kolyarut|MPP}",
											"Construct"
										],
										[
											"22",
											"{@creature Planar incarnate|MPP}",
											"Celestial or Fiend"
										],
										[
											"26",
											"{@creature Ancient time dragon|MPP}",
											"Dragon"
										]
									],
									"footnotes": [
										"*Appears in the \"{@book Faction Agents|MPP|1|Faction Agents}\" section"
									]
								}
							]
						}
					]
				},
				{
					"type": "section",
					"name": "Petitioners",
					"page": 4,
					"id": "004",
					"entries": [
						"Petitioners are former mortals. They've lived, ceased living, and now exist on the Outer Planes. They typically inhabit a plane that shares their alignment or the realm of a deity they worship. Some, however, become lost and wander the planes or make new homes for themselves elsewhere on the Great Wheel.",
						"You can make any creature that isn't a Celestial or Fiend a petitioner by giving it the following traits:",
						{
							"type": "inset",
							"id": "005",
							"entries": [
								{
									"type": "entries",
									"name": "Plane Locked",
									"page": 4,
									"id": "006",
									"entries": [
										"The creature's creature type changes to Celestial or Fiend (DM's choice), and the creature can't leave the Outer Planes. Portals or magic that allow transport beyond the Outer Planes don't affect this creature."
									]
								},
								{
									"type": "entries",
									"name": "Soul Shape",
									"page": 4,
									"id": "007",
									"entries": [
										"A dead petitioner can be returned to life only by the {@spell true resurrection} spell or the {@spell wish} spell. If affected by these spells, a petitioner chooses whether to return in its original mortal form or as a petitioner."
									]
								}
							]
						},
						{
							"type": "entries",
							"name": "Death and the Planes",
							"page": 4,
							"id": "008",
							"entries": [
								"Mortals that die eventually have their souls return as petitioners in far-flung reaches of the Outer Planes. There, they manifest as idealized versions of themselves. These forms might be similar to the forms they had in life or be those of entirely different creatures. A petitioner or another Celestial or Fiend that is destroyed can reconstitute on a plane that shares its alignment after 100 years, or it might choose to become one with that plane and never return. A creature that re-forms on the planes multiple times becomes increasingly dissimilar from its original mortal form."
							]
						}
					]
				},
				{
					"type": "section",
					"name": "Planar Influences",
					"page": 6,
					"id": "009",
					"entries": [
						"The Outer Planes are home to powerful forces of good and evil, chaos and order. Over time, these forces can alter creatures exposed to them. Due to their proximity to the Outer Planes, the inhabitants of the Outlands' gate-towns and nearby regions often exhibit traits associated with specific Outer Planes. Creatures might also have such traits if they dwell in other realms steeped in the energy of an Outer Plane\u2014whether such a place be in the Outlands, on the Material Plane, or elsewhere.",
						"This section provides customization options for creatures exposed to the energies of the Outer Planes for months or years. Creatures influenced by a plane can have as many or as few of these traits as you choose.",
						{
							"type": "quote",
							"entries": [
								"\"Anything you think you know about critters from the Material Plane doesn't apply in the Outlands, Chief. Your dog back home ain't nothing like a hound from the Nine Hells or Mount Celestia. Only thing those planar sorts have in common is that neither wants to hear about how you're 'totally a dog person.'\""
							],
							"by": "Morte"
						},
						{
							"type": "entries",
							"name": "Planar Alignment",
							"page": 6,
							"id": "00a",
							"entries": [
								"In addition to the plane-specific traits you can grant a creature, the influence of a plane changes a creature's alignment to match the plane's alignment, as shown on the Outer Plane Alignments table. If a plane a creature is influenced by has more than one alignment, you choose the creature's alignment from the options listed.",
								{
									"type": "table",
									"caption": "Outer Plane Alignments",
									"colLabels": [
										"Outer Plane",
										"Alignment"
									],
									"colStyles": [
										"col-6",
										"col-6"
									],
									"rows": [
										[
											"{@book The Abyss|MPP|0|The Abyss}",
											"CE"
										],
										[
											"{@book Acheron|MPP|0|Acheron}",
											"LN, LE"
										],
										[
											"{@book Arborea|MPP|0|Arborea}",
											"CG"
										],
										[
											"{@book Arcadia|MPP|0|Arcadia}",
											"LN, LG"
										],
										[
											"{@book The Beastlands|MPP|0|The Beastlands}",
											"NG, CG"
										],
										[
											"{@book Bytopia|MPP|0|Bytopia}",
											"NG, LG"
										],
										[
											"{@book Carceri|MPP|0|Carceri}",
											"NE, CE"
										],
										[
											"{@book Elysium|MPP|0|Elysium}",
											"NG"
										],
										[
											"{@book Gehenna|MPP|0|Gehenna}",
											"NE, LE"
										],
										[
											"{@book Hades|MPP|0|Hades}",
											"NE"
										],
										[
											"{@book Limbo|MPP|0|Limbo}",
											"CN"
										],
										[
											"{@book Mechanus|MPP|0|Mechanus}",
											"LN"
										],
										[
											"{@book Mount Celestia|MPP|0|Mount Celestia}",
											"LG"
										],
										[
											"{@book The Nine Hells|MPP|0|The Nine Hells}",
											"LE"
										],
										[
											"{@book Pandemonium|MPP|0|Pandemonium}",
											"CN, CE"
										],
										[
											"{@book Ysgard|MPP|0|Ysgard}",
											"CN, CG"
										]
									]
								}
							]
						},
						{
							"type": "entries",
							"name": "The Abyss",
							"page": 6,
							"id": "00b",
							"entries": [
								"Creatures influenced by the Abyss gain demonic features, such as horns, scales, and black blood. A creature influenced by the Abyss also gains one or more of following traits of your choice:",
								{
									"type": "inset",
									"id": "00c",
									"entries": [
										{
											"type": "entries",
											"name": "Entropy of the Abyss",
											"page": 6,
											"id": "00d",
											"entries": [
												"Whenever the creature deals bludgeoning, piercing, or slashing damage, it can change the damage type to necrotic."
											]
										},
										{
											"type": "entries",
											"name": "Poison Tolerant",
											"page": 6,
											"id": "00e",
											"entries": [
												"The creature has advantage on saving throws it makes to avoid or end the {@condition poisoned} condition on itself."
											]
										},
										{
											"type": "entries",
											"name": "Siege Monster",
											"page": 6,
											"id": "00f",
											"entries": [
												"The creature deals double damage to objects and structures."
											]
										}
									]
								}
							]
						},
						{
							"type": "entries",
							"name": "Acheron",
							"page": 6,
							"id": "010",
							"entries": [
								"Creatures influenced by Acheron have rough, scarred skin that resembles armor or pitted metal. A creature influenced by Acheron also gains one or more of following traits of your choice:",
								{
									"type": "inset",
									"id": "011",
									"entries": [
										{
											"type": "entries",
											"name": "Battle Lust",
											"page": 6,
											"id": "012",
											"entries": [
												"Whenever the creature reduces another creature to 0 hit points with a melee attack on its turn, it gains 10 {@book temporary hit points|PHB|9|Temporary Hit Points}, and it can take a bonus action to move up to its speed without provoking {@action opportunity attack||opportunity attacks}."
											]
										},
										{
											"type": "entries",
											"name": "Corrosive Death",
											"page": 6,
											"id": "013",
											"entries": [
												"When the creature drops to 0 hit points, it turns into a pile of rust. Any equipment it was wearing or carrying is unaffected."
											]
										},
										{
											"type": "entries",
											"name": "Pack Tactics",
											"page": 6,
											"id": "014",
											"entries": [
												"The creature has advantage on an attack roll against a target if at least one of the creature's allies is within 5 feet of the target and the ally doesn't have the {@condition incapacitated} condition."
											]
										}
									]
								},
								{
									"type": "image",
									"href": {
										"type": "internal",
										"path": "book/MPP/002-00-003.picnic.webp"
									},
									"title": "A Beastlands-influenced explorer picnics with her animal friends in an idyllic glade",
									"credit": "Jessica Fong",
									"width": 1700,
									"height": 1136
								}
							]
						},
						{
							"type": "entries",
							"name": "Arborea",
							"page": 6,
							"id": "015",
							"entries": [
								"Creatures influenced by Arborea change color to match the season, and their eyes glint with vibrant hues. A creature influenced by Arborea also gains one or more of following traits of your choice:",
								{
									"type": "inset",
									"id": "016",
									"entries": [
										{
											"type": "entries",
											"name": "Merry Music",
											"page": 6,
											"id": "017",
											"entries": [
												"Whenever the creature casts a spell or makes a spell attack, the faint sound of merry music can be heard by it and those affected by its magic."
											]
										},
										{
											"type": "entries",
											"name": "Recklessness",
											"page": 6,
											"id": "018",
											"entries": [
												"At the start of its turn, the creature can gain advantage on attack rolls during that turn, but attack rolls against the creature have advantage until the start of its next turn."
											]
										}
									]
								}
							]
						},
						{
							"type": "entries",
							"name": "Arcadia",
							"page": 7,
							"id": "019",
							"entries": [
								"Creatures influenced by Arcadia gain perfectly symmetrical features and appear eternally youthful or vigorous. A creature influenced by Arcadia also gains one or more of following traits of your choice:",
								{
									"type": "inset",
									"id": "01a",
									"entries": [
										{
											"type": "entries",
											"name": "Arcadian Perfection (1/Day)",
											"page": 7,
											"id": "01b",
											"entries": [
												"If the creature fails a Strength, Dexterity, or Constitution saving throw, it can choose to succeed instead."
											]
										},
										{
											"type": "entries",
											"name": "Unshakable Resolve",
											"page": 7,
											"id": "01c",
											"entries": [
												"An invisible, magical aura of confidence and hope surrounds the creature. When another creature that has the {@condition frightened} condition starts its turn within 5 feet of the creature, the {@condition frightened} condition affecting it is suppressed for 1 minute. When this suppression ends, the condition resumes if its duration hasn't expired."
											]
										}
									]
								}
							]
						},
						{
							"type": "entries",
							"name": "The Beastlands",
							"page": 7,
							"id": "01d",
							"entries": [
								"Creatures influenced by the Beastlands gain wilder or more animalistic features, such as larger eyes, thicker fur, or more prominent canine teeth. Beasts influenced by the Beastlands are often affected per the {@spell awaken} spell\u2014though normal Beasts also typically range through these areas in large numbers. A creature influenced by the Beastlands also gains one or more of following traits of your choice:",
								{
									"type": "inset",
									"id": "01e",
									"entries": [
										{
											"type": "entries",
											"name": "Speech of Beast and Leaf (Requires the Ability to Speak at Least One Language)",
											"page": 7,
											"id": "01f",
											"entries": [
												"This creature can comprehend and verbally communicate with Beasts and Plants."
											]
										},
										{
											"type": "entries",
											"name": "Tracker's Eye",
											"page": 7,
											"id": "020",
											"entries": [
												"The creature can see {@condition invisible} creatures and objects as if they were visible."
											]
										},
										{
											"type": "entries",
											"name": "Trackless",
											"page": 7,
											"id": "021",
											"entries": [
												"The creature leaves no tracks to indicate where it has been or where it's headed."
											]
										}
									]
								}
							]
						},
						{
							"type": "entries",
							"name": "Bytopia",
							"page": 7,
							"id": "022",
							"entries": [
								"Creatures influenced by Bytopia appear carved, constructed, or sculpted by an expert artisan. A creature influenced by Bytopia also gains one or more of following traits of your choice:",
								{
									"type": "inset",
									"id": "023",
									"entries": [
										{
											"type": "entries",
											"name": "Phantasmal Dweomer (1/Day)",
											"page": 7,
											"id": "024",
											"entries": [
												"After being in continuous physical contact with a Tiny nonmagical object for 1 minute, the creature can imbue the object with one of the following magical properties (choose one or roll a {@dice d6}):",
												{
													"type": "list",
													"style": "list-hang-notitle",
													"items": [
														{
															"type": "item",
															"name": "1\u20133:",
															"entry": "Light. The object sheds bright light in a 5-foot radius and dim light for an additional 5 feet."
														},
														{
															"type": "item",
															"name": "4\u20136:",
															"entry": "Sound. The object continuously emits the creature's choice of a nonverbal sound (wind, waves, chirping, or the like). The chosen phenomenon is perceivable up to 10 feet away."
														}
													]
												},
												"The magical property lasts for 24 hours."
											]
										},
										{
											"type": "entries",
											"name": "Sounds of Work",
											"page": 7,
											"id": "025",
											"entries": [
												"Whenever the creature casts a spell or makes a spell attack, the faint sounds of hammering and sawing can be heard by it and those affected by its magic."
											]
										}
									]
								}
							]
						},
						{
							"type": "entries",
							"name": "Carceri",
							"page": 8,
							"id": "026",
							"entries": [
								"Creatures influenced by Carceri appear as if they'd been imprisoned underground for a long period; their hair is matted, their nails or claws are long and dirty, and they have marks as if they were bound by chains or rope. A creature influenced by Carceri also gains one or more of following traits of your choice:",
								{
									"type": "inset",
									"id": "027",
									"entries": [
										{
											"type": "entries",
											"name": "Burden of Hopelessness",
											"page": 8,
											"id": "028",
											"entries": [
												"An invisible, magical aura of hopelessness surrounds the creature. Any other creature that starts its turn within 5 feet of the creature has its speed reduced by 10 feet until it is reduced to 0 hit points, regains hit points, or gains {@book temporary hit points|PHB|9|Temporary Hit Points}. This reduction never exceeds 10 feet."
											]
										},
										{
											"type": "entries",
											"name": "Torturous Teleport",
											"page": 8,
											"id": "029",
											"entries": [
												"An invisible, magic-disrupting aura surrounds the creature. Any creature that teleports into or out of a space within 20 feet of the creature must make a DC 15 Constitution saving throw, taking 16 ({@dice 3d10}) force damage on a failed save, or half as much damage on a successful one."
											]
										}
									]
								}
							]
						},
						{
							"type": "entries",
							"name": "Elysium",
							"page": 8,
							"id": "02a",
							"entries": [
								"Creatures influenced by Elysium have seasonal flowers sprouting from their heads, and they faintly smell of herbs or spices. A creature influenced by Elysium also gains one or more of following traits of your choice:",
								{
									"type": "inset",
									"id": "02b",
									"entries": [
										{
											"type": "entries",
											"name": "Hardy Body",
											"page": 8,
											"id": "02c",
											"entries": [
												"The creature no longer needs food or water, and the creature can have no more than 4 levels of {@condition exhaustion}."
											]
										},
										{
											"type": "entries",
											"name": "Peaceful Presence",
											"page": 8,
											"id": "02d",
											"entries": [
												"An invisible, magical aura of peace surrounds the creature. Any other creature that starts its turn within 5 feet of the creature has disadvantage on attack rolls until it is attacked, takes damage, or witnesses an ally being harmed."
											]
										}
									]
								}
							]
						},
						{
							"type": "entries",
							"name": "Gehenna",
							"page": 8,
							"id": "02e",
							"entries": [
								"Creatures influenced by Gehenna appear haggard and have long, crooked limbs. A creature influenced by Gehenna also gains one or more of following traits of your choice:",
								{
									"type": "inset",
									"id": "02f",
									"entries": [
										{
											"type": "entries",
											"name": "Treasure Sense",
											"page": 8,
											"id": "030",
											"entries": [
												"The creature can pinpoint, by scent, the location of precious metals and stones, such as coins and gems, within 60 feet of itself."
											]
										},
										{
											"type": "entries",
											"name": "Vitality Theft",
											"page": 8,
											"id": "031",
											"entries": [
												"An invisible, magical aura surrounds the creature. Whenever another creature regains hit points within 5 feet of the creature, half of those regained hit points (rounded down) go to the creature generating the aura instead."
											]
										}
									]
								},
								{
									"type": "image",
									"href": {
										"type": "internal",
										"path": "book/MPP/003-00-004.gehenna-unicorn.webp"
									},
									"title": "A unicorn influenced by Gehenna charges through a pustuled forest",
									"credit": "Katerina Ladon",
									"width": 1700,
									"height": 1136
								}
							]
						},
						{
							"type": "entries",
							"name": "Hades",
							"page": 7,
							"id": "032",
							"entries": [
								"Creatures influenced by Hades often have dour, gray features and feel cold to the touch. A creature influenced by Hades also gains one or more of following traits of your choice:",
								{
									"type": "inset",
									"id": "033",
									"entries": [
										{
											"type": "entries",
											"name": "Aura of Gloom",
											"page": 9,
											"id": "034",
											"entries": [
												"An invisible, magical aura surrounds the creature. Colors are muted within 30 feet of the creature, and other creatures in that area have disadvantage on Charisma checks and Charisma saving throws."
											]
										},
										{
											"type": "entries",
											"name": "Extinguish Light",
											"page": 9,
											"id": "035",
											"entries": [
												"Nonmagical flames within 10 feet of the creature are extinguished."
											]
										},
										{
											"type": "entries",
											"name": "Larval Rebirth",
											"page": 9,
											"id": "036",
											"entries": [
												"When the creature dies, it re-forms somewhere in Hades as a {@creature larva|DMG} (see the {@book Dungeon Master's Guide|DMG}) in {@dice 1d10} days."
											]
										},
										{
											"type": "entries",
											"name": "Shadowy Form",
											"page": 9,
											"id": "037",
											"entries": [
												"Whenever the creature is fully in darkness or dim light, it becomes semi-incorporeal and gains resistance to bludgeoning, piercing, and slashing damage. If the creature takes radiant damage, its Shadowy Form trait is suppressed for 1 hour."
											]
										}
									]
								}
							]
						},
						{
							"type": "entries",
							"name": "Limbo",
							"page": 9,
							"id": "038",
							"entries": [
								"Creatures influenced by Limbo have their appearance shift at each dawn. Their skin might change color, or their features might morph into unnatural, even abstract, configurations. A creature influenced by Limbo also gains one or more of following traits of your choice:",
								{
									"type": "inset",
									"id": "039",
									"entries": [
										{
											"type": "entries",
											"name": "Chaotic Magic",
											"page": 9,
											"id": "03a",
											"entries": [
												"The creature can cast the {@spell thaumaturgy} cantrip, choosing a magical effect at random. Charisma is the spellcasting ability for this spell."
											]
										},
										{
											"type": "entries",
											"name": "Churning Chaos",
											"page": 9,
											"id": "03b",
											"entries": [
												"When the creature scores a critical hit or takes a critical hit, chaotic energy bursts from the creature, creating one the following effects (choose one or roll a {@dice d6}):",
												{
													"type": "list",
													"style": "list-hang-notitle",
													"items": [
														{
															"type": "item",
															"name": "1\u20132:",
															"entry": "Melting Terrain. For 1 minute, the ground within 20 feet of the creature melts into a mud-like texture, becoming {@book difficult terrain|PHB|8|Difficult Terrain}."
														},
														{
															"type": "item",
															"name": "3\u20134:",
															"entry": "Miraculous Resilience. This creature gains {@book temporary hit points|PHB|9|Temporary Hit Points} equal to half the damage the critical hit dealt (rounded up)."
														},
														{
															"type": "item",
															"name": "5\u20136:",
															"entry": "Disrupted Gravity. Each creature within 20 feet of the creature must succeed on a DC 15 Constitution saving throw or rise vertically, up to 20 feet, and remain magically suspended there for 1 minute. While suspended in this way, a creature has the {@condition restrained} condition."
														}
													]
												}
											]
										},
										{
											"type": "entries",
											"name": "Hidden Slaad",
											"page": 9,
											"id": "03c",
											"entries": [
												"When the creature dies, a {@creature slaad tadpole} bursts from the creature's chest."
											]
										}
									]
								},
								{
									"type": "image",
									"href": {
										"type": "internal",
										"path": "book/MPP/004-00-005.hag-larvae.webp"
									},
									"title": "A night hag sells larvae fresh from the Lower Planes",
									"credit": "Katerina Ladon",
									"width": 850,
									"height": 2218
								}
							]
						},
						{
							"type": "entries",
							"name": "Mechanus",
							"page": 9,
							"id": "03d",
							"entries": [
								"Creatures influenced by Mechanus have angular, symmetrical features, and their skin gains a metallic sheen. A creature influenced by Mechanus also gains one or more of following traits of your choice:",
								{
									"type": "inset",
									"id": "03e",
									"entries": [
										{
											"type": "entries",
											"name": "Lightning Rod",
											"page": 9,
											"id": "03f",
											"entries": [
												"Lightning damage can't reduce the creature below 1 hit point. Whenever the creature takes lightning damage, one other creature within 5 feet of it (determined randomly) takes half as much damage."
											]
										},
										{
											"type": "entries",
											"name": "Structural Repair (1/Day)",
											"page": 9,
											"id": "040",
											"entries": [
												"After being in continuous physical contact with a nonmagical object for 1 minute, the creature can magically repair the object as though it had cast a {@spell mending} spell on it."
											]
										}
									]
								}
							]
						},
						{
							"type": "entries",
							"name": "Mount Celestia",
							"page": 10,
							"id": "041",
							"entries": [
								"Creatures influenced by Mount Celestia gain angelic features, such as gold- or platinum-colored skin, eyes, or hair. Spectral feathers might rise from a creature's back, or a halo might crown its head. A creature influenced by Mount Celestia also gains one or more of following traits of your choice:",
								{
									"type": "inset",
									"id": "042",
									"entries": [
										{
											"type": "entries",
											"name": "Healing Orb",
											"page": 10,
											"id": "043",
											"entries": [
												"When the creature dies, its body releases a spectral orb that hovers in the same space and lasts for 1 minute. Any good-aligned creature that starts its turn within 5 feet of the orb regains {@dice 1d6} hit points."
											]
										},
										{
											"type": "entries",
											"name": "Light",
											"page": 10,
											"id": "044",
											"entries": [
												"The creature sheds bright light in a 10-foot radius and dim light for an additional 10 feet. As a bonus action, the creature can suppress this light or cause it to return. The light winks out if the creature dies."
											]
										}
									]
								},
								{
									"type": "image",
									"href": {
										"type": "internal",
										"path": "book/MPP/005-00-006.gleaming-wyvern.webp"
									},
									"title": "A gleaming wyvern imbued with the radiance of Mount Celestia navigates a crystalline cave",
									"credit": "Brian Valeza",
									"width": 1700,
									"height": 1136
								}
							]
						},
						{
							"type": "entries",
							"name": "The Nine Hells",
							"page": 10,
							"id": "045",
							"entries": [
								"Creatures influenced by the Nine Hells gain devilish features, such as horns, a forked tail, or the faint odor of sulfur or smoke. A creature influenced by the Nine Hells also gains one or more of following traits of your choice:",
								{
									"type": "inset",
									"id": "046",
									"entries": [
										{
											"type": "entries",
											"name": "Flames of the Nine",
											"page": 10,
											"id": "047",
											"entries": [
												"Whenever the creature deals bludgeoning, piercing, or slashing damage, it can change the damage type to fire."
											]
										},
										{
											"type": "entries",
											"name": "Viper Nest",
											"page": 10,
											"id": "048",
											"entries": [
												"When the creature dies, its body disgorges a {@creature swarm of poisonous snakes} in the same space."
											]
										}
									]
								},
								{
									"type": "quote",
									"entries": [
										"\"The planes work on you in all sorts of ways, Chief. Sometimes they'll change your hair or give you spots. Other times they'll turn you into the sort of ugly little worm fiends love to snack on. If you're planning to visit one of the Outer Planes, best to keep your stay short\u2013if you ever want to leave at all.\""
									],
									"by": "Morte"
								}
							]
						},
						{
							"type": "entries",
							"name": "Pandemonium",
							"page": 10,
							"id": "049",
							"entries": [
								"A creature influenced by Pandemonium appears as though it were exposed to cold air for a long time, its skin dry and cracked. Its hair might blow in a phantom wind. A creature influenced by Pandemonium also gains one or more of following traits of your choice:",
								{
									"type": "inset",
									"id": "04a",
									"entries": [
										{
											"type": "entries",
											"name": "Hindering Winds",
											"page": 10,
											"id": "04b",
											"entries": [
												"Cold winds sweep around the creature. Any other creature that enters a space within 20 feet of the creature or starts its turn there has its flying speed halved until the start of its next turn."
											]
										},
										{
											"type": "entries",
											"name": "Wailing Screams",
											"page": 10,
											"id": "04c",
											"entries": [
												"Whenever the creature casts a spell or makes a spell attack, the faint sound of crying and screams can be heard by it and those affected by its magic."
											]
										}
									]
								}
							]
						},
						{
							"type": "entries",
							"name": "Ysgard",
							"page": 10,
							"id": "04d",
							"entries": [
								"A creature influenced by Ysgard becomes hearty and muscular. Its scars always appear fresh. When the creature senses danger, it can't help but express joy. A creature influenced by Ysgard also gains one or more of following traits of your choice:",
								{
									"type": "inset",
									"id": "04e",
									"entries": [
										{
											"type": "entries",
											"name": "Warrior's Wrath",
											"page": 10,
											"id": "04f",
											"entries": [
												"The creature has advantage on melee attack rolls against any target missing at least half its hit points."
											]
										},
										{
											"type": "entries",
											"name": "Ysgardian Stand (2/Day)",
											"page": 10,
											"id": "050",
											"entries": [
												"If the creature has the {@condition prone} condition at the start of its turn, it can, at that time, end the {@condition prone} condition on itself and stand up without expending any movement. The creature can't use this trait while it has the {@condition incapacitated} condition."
											]
										}
									]
								}
							]
						}
					]
				},
				{
					"type": "section",
					"name": "Denizens of the Outlands",
					"page": 11,
					"id": "051",
					"entries": [
						"As the Outlands are the crossroads of the Outer Planes, travelers in that realm might encounter any creature in existence, many of which have been influenced by other planes. The following sections detail the various creature types likely to be encountered in the Outlands. Use the tables in these sections to inspire encounters and whole adventures in the Outlands.",
						{
							"type": "inset",
							"id": "052",
							"entries": [
								"Planar Exemplars",
								"Some creatures originate on specific Outer Planes. Just as flesh and blood are fundamental to many creatures from the Material Plane, the forces of these creatures' home planes are fundamental to their being. These creatures are manifestations of a plane itself and are altered by other planar influences only under unusual circumstances. The archons of Mount Celestia, the demons of the Abyss, the devils of the Nine Hells, the modrons of Mechanus, and the slaadi of Limbo are just a few examples of such children of the planes.",
								"As a result, it's rare to encounter a group of modrons embracing the chaos of Limbo or devils awash in the natural energy of the Beastlands. It's up to you to decide what creatures are exemplars of their home planes and under what circumstances they might be influenced by other planes."
							]
						},
						{
							"type": "entries",
							"name": "Aberrations",
							"page": 11,
							"id": "053",
							"entries": [
								"With their inscrutable biologies and agendas, Aberrations might journey to the Outlands pursuing all manner of schemes or sustenance. Slaadi from Limbo are among the most common Aberrations found on the Outlands.",
								{
									"type": "table",
									"caption": "Outlands Aberrations",
									"colLabels": [
										"d4",
										"Encounter"
									],
									"colStyles": [
										"col-2 text-center",
										"col-10"
									],
									"rows": [
										[
											"1",
											"An {@creature aboleth} travels in a muck-filled, orbicular carriage, seeking to better understand the Outer Planes in preparation for a future world-domination scheme."
										],
										[
											"2",
											"A {@creature beholder} influenced by {@book the Abyss|MPP|0|The Abyss} has compound eyes and looks like a floating, cyclopean fly head. It promises not to destroy the characters if they bring it a corpse it has never tasted before."
										],
										[
											"3",
											"A dejected {@creature red slaad} wishes to be reunited with its {@creature slaad tadpole}, but it isn't certain where\u2014or in what\u2014it implanted its egg."
										],
										[
											"4",
											"A hirsute, axe-wielding {@creature flumph} influenced by {@book Ysgard|MPP|0|Ysgard} quests across the land, seeking legendary beasts to slay and epic songs to sing."
										]
									]
								}
							]
						},
						{
							"type": "entries",
							"name": "Beasts",
							"page": 11,
							"id": "054",
							"entries": [
								"Varied Beasts roam the Outlands, with many species being long extinct on Material Plane worlds. Plane-influenced creatures and gigantic or idealized animals from the Beastlands are common.",
								{
									"type": "table",
									"caption": "Outlands Beasts",
									"colLabels": [
										"d4",
										"Encounter"
									],
									"colStyles": [
										"col-2 text-center",
										"col-10"
									],
									"rows": [
										[
											"1",
											"An awakened {@creature giant scorpion} owns a custom-made boat and runs a ferry business along a prominent river. It offers its services to characters in need."
										],
										[
											"2",
											"A {@creature triceratops} influenced by {@book Mechanus|MPP|0|Mechanus} and composed of simple geometric shapes charges creatures that enter the angular canyons it inhabits. It moves only in straight lines and turns only at right angles."
										],
										[
											"3",
											"{@creature Stirge||Stirges} drawn from countless worlds congregate in a tornado-sized, bloodsucking cloud that threatens a gate-town."
										],
										[
											"4",
											"A desiccated {@creature giant frog} influenced by {@book Pandemonium|MPP|0|Pandemonium} screams whenever it opens its mouth. Its interior is even noisier."
										]
									]
								}
							]
						},
						{
							"type": "entries",
							"name": "Celestials",
							"page": 11,
							"id": "055",
							"entries": [
								"Various Celestials watch over the Outlands, particularly those reaches that border the Upper Planes. Angels and {@book archons|MPP|1|Archons} (presented later in this book) are particularly common. Some seek to prevent fiendish incursions into the plane, while others try to align the Outlands closer to goodly philosophies.",
								{
									"type": "table",
									"caption": "Outlands Celestials",
									"colLabels": [
										"d4",
										"Encounter"
									],
									"colStyles": [
										"col-2 text-center",
										"col-10"
									],
									"rows": [
										[
											"1",
											"An {@creature empyrean} calls for aid in taking back a corner of the Outlands overrun by demons."
										],
										[
											"2",
											"Wearing grim armor and displaying a rust-colored horn, a {@creature unicorn} influenced by {@book Acheron|MPP|0|Acheron} challenges all it encounters to mortal combat."
										],
										[
											"3",
											"A fallen {@creature deva}, now neutral aligned, is on permanent vacation. The mellow angel is a font of multiversal secrets, but it shares them only with strangers who prove themselves more relaxed than it."
										],
										[
											"4",
											"A {@creature couatl} influenced by {@book Limbo|MPP|0|Limbo} has color-changing wings and insists passersby convince it that they're worthy of existing. If the couatl isn't convinced, it has a 50 percent chance of either attacking or wandering off."
										]
									]
								}
							]
						},
						{
							"type": "entries",
							"name": "Constructs",
							"page": 12,
							"id": "056",
							"entries": [
								"Constructs in the Outlands might be the remnants of forgotten civilizations, servants of plane-walking magic-users, or creations with varied important or ridiculous purposes. Among the most common are modrons, mechanical denizens of Mechanus that seek to enforce order on the plane.",
								{
									"type": "table",
									"caption": "Outlands Constructs",
									"colLabels": [
										"d4",
										"Encounter"
									],
									"colStyles": [
										"col-2 text-center",
										"col-10"
									],
									"rows": [
										[
											"1",
											"A tyrannical {@creature homunculus} rules over the small domain of its long-lost archmage master."
										],
										[
											"2",
											"A beautiful but vain {@creature flesh golem} influenced by {@book Arborea|MPP|0|Arborea} insists on following a character until the character sketches, sculpts, or otherwise artistically renders it."
										],
										[
											"3",
											"A gang of inquisitive {@creature Monodrone||monodrones} and its {@creature duodrone} leader insist on following a character, saying they expect that individual's doom to be \"statistically noteworthy.\""
										],
										[
											"4",
											"A {@creature clay golem} influenced by {@book the Beastlands|MPP|0|The Beastlands} has been transformed into the walking hive that's home to numerous {@creature Swarm of Wasps||swarms of insects (wasps)}."
										]
									]
								},
								{
									"type": "image",
									"href": {
										"type": "internal",
										"path": "book/MPP/006-00-007.mechanus-dinosaurs.webp"
									},
									"title": "Mechanical dinosaurs roam an orderly realm influenced by the lawful energies of Mechanus",
									"credit": "Quintin Gleim",
									"width": 1700,
									"height": 1136
								}
							]
						},
						{
							"type": "entries",
							"name": "Dragons",
							"page": 12,
							"id": "057",
							"entries": [
								"All varieties of Dragons can be found in the Outlands, though many dwell in isolated reaches away from the plane's gate-towns. Some remain aloof due to their territorial natures, while others seek to avoid the {@book Mausoleum of Chronepsis|SatO|_UNKNOWN}, home to the legendary dragon Chronepsis (see {@book Sigil and the Outlands|SatO} for details).",
								{
									"type": "table",
									"caption": "Outlands Dragons",
									"colLabels": [
										"d4",
										"Encounter"
									],
									"colStyles": [
										"col-2 text-center",
										"col-10"
									],
									"rows": [
										[
											"1",
											"An {@creature ancient gold dragon} disguised as a canary gives the characters a nonmagical item and offers them Bahamut's best wishes."
										],
										[
											"2",
											"A lawful good {@creature Faerie Dragon (Violet)||faerie dragon} with wings like stained glass has been influenced by {@book Mount Celestia|MPP|0|Mount Celestia}. It seeks the characters' aid in recovering a stolen {@item holy avenger}."
										],
										[
											"3",
											"A {@creature time dragon wyrmling|MPP} (presented later in this book) wants help constructing a magical structure that will be important in the future."
										],
										[
											"4",
											"A neutral evil {@creature adult silver dragon} with dull, gray scales has been influenced by {@book Hades|MPP|0|Hades}. It demands a toll from any who crosses its domain."
										]
									]
								}
							]
						},
						{
							"type": "entries",
							"name": "Elementals",
							"page": 13,
							"id": "058",
							"entries": [
								"Elementals of all varieties can be found in the Outlands. Mephits are common and often serve more powerful creatures as messengers.",
								{
									"type": "table",
									"caption": "Outlands Elementals",
									"colLabels": [
										"d4",
										"Encounter"
									],
									"colStyles": [
										"col-2 text-center",
										"col-10"
									],
									"rows": [
										[
											"1",
											"{@creature Water Elemental||Water elementals} travel in a group that looks like a long, wandering river."
										],
										[
											"2",
											"Some skull-headed {@creature Azer||azers} have been influenced by {@book the Nine Hells|MPP|0|The Nine Hells}. They escort a heavily armored caravan of rare ore to the gate-town of Ribcage."
										],
										[
											"3",
											"A wounded {@creature mud mephit} asks the characters to help it deliver a sealed package to a leader in a nearby gate-town."
										],
										[
											"4",
											"A wealthy {@creature dao} that glistens with gemstones has been influenced by {@book Arborea|MPP|0|Arborea}. It leads a parade of glimmering {@creature galeb duhr} between gate-towns as part of a shopping spree for precious rocks."
										]
									]
								}
							]
						},
						{
							"type": "entries",
							"name": "Fey",
							"page": 13,
							"id": "059",
							"entries": [
								"Being close to nature\u2014even the surreal nature of the Outer Planes\u2014Fey dwelling in the Outlands are often influenced by other planes. Fey encountered near a gate-town typically exhibit influences from the town's associated Outer Plane.",
								{
									"type": "table",
									"caption": "Outlands Fey",
									"colLabels": [
										"d4",
										"Encounter"
									],
									"colStyles": [
										"col-2 text-center",
										"col-10"
									],
									"rows": [
										[
											"1",
											"Revelers joined a group of {@creature Satyr||satyrs} in their festivities. As the satyrs' celebration has continued for over a year, the revelers seek the characters' help in extricating themselves without offending their hosts."
										],
										[
											"2",
											"A kindly {@creature green hag} influenced by {@book Elysium|MPP|0|Elysium} invites passersby to join her for tea in her cottage made of sweets. She makes some of the best cookies in the Outlands."
										],
										[
											"3",
											"A pack of {@creature Blink Dog||blink dogs} tracks a band of {@creature Maelephant|MPP|maelephants} (presented {@book later|MPP|1|Maelephant} in this book) to prevent them from spoiling lands influenced by the Upper Planes."
										],
										[
											"4",
											"A gnarled {@creature dryad} influenced by {@book Carceri|MPP|0|Carceri} seeks to entrap creatures within the root-snarled, prison-like cavern beneath her grove."
										]
									]
								}
							]
						},
						{
							"type": "entries",
							"name": "Fiends",
							"page": 13,
							"id": "05a",
							"entries": [
								"Denizens of the Lower Planes regularly invade the Outlands, seeking to shift the balance of the realm toward evil. The Blood War, the endless conflict between demons and devils, regularly spills onto the plane and can devastate whole regions.",
								{
									"type": "table",
									"caption": "Outlands Fiends",
									"colLabels": [
										"d4",
										"Encounter"
									],
									"colStyles": [
										"col-2 text-center",
										"col-10"
									],
									"rows": [
										[
											"1",
											"A {@creature nycaloth} seeks to capture several monochromatic {@creature Hell Hound||hell hounds} influenced by {@book Gehenna|MPP|0|Gehenna}. The yugoloth seeks to sell the hounds to Fiends participating in the Blood War."
										],
										[
											"2",
											"After being ambushed by a rival, a {@creature night hag} merchant offers a reward to characters who help her recover her lost inventory: several dozen stray {@creature Larva|DMG|larvae} (see the {@book Dungeon Master's Guide|DMG})."
										],
										[
											"3",
											"A hero requests the characters' help in gaining the aid of a legendary steed called a nic'epona, a {@creature nightmare} influenced by one of the Upper Planes."
										],
										[
											"4",
											"Rival {@creature Incubus||incubi} seek to recruit the characters to serve either a {@creature balor} warlord or a {@creature pit fiend} general whose fiendish armies are prepared to clash nearby."
										]
									]
								}
							]
						},
						{
							"type": "entries",
							"name": "Giants",
							"page": 13,
							"id": "05b",
							"entries": [
								"Giants are common in the Outlands. Many gravitate toward regions influenced by planes corresponding with their alignments, but others seek to find the {@book secret realm|SatO|_UNKNOWN} of the giant god Annam (see {@book Sigil and the Outlands|SatO} for details).",
								{
									"type": "table",
									"caption": "Outlands Giants",
									"colLabels": [
										"d4",
										"Encounter"
									],
									"colStyles": [
										"col-2 text-center",
										"col-10"
									],
									"rows": [
										[
											"1",
											"Several {@creature Cyclops||cyclopes} refuse to let the characters pass through a region where they're constructing a massive ring of beautifully carved standing stones."
										],
										[
											"2",
											"An {@creature ettin} influenced by {@book the Beastlands|MPP|0|The Beastlands} has one head with bovine features and one head with lupine features. It desperately needs help finding something both heads are willing to eat."
										],
										[
											"3",
											"A {@creature storm giant} seeks the characters' help in finding an offering of significant worth and size to impress the god Annam."
										],
										[
											"4",
											"A jade-skinned {@creature oni} from Bytopia has become separated from the spirit she was bound to protect. She requests aid in catching up to her lost ward."
										]
									]
								}
							]
						},
						{
							"type": "entries",
							"name": "Humanoids",
							"page": 14,
							"id": "05c",
							"entries": [
								"Humanoids from across the planes travel the Outlands and number among the most common inhabitants of the gate-towns.",
								{
									"type": "table",
									"caption": "Outlands Humanoids",
									"colLabels": [
										"d4",
										"Encounter"
									],
									"colStyles": [
										"col-2 text-center",
										"col-10"
									],
									"rows": [
										[
											"1",
											"The characters need to find a wandering {@creature priest} who alone knows the ritual necessary to open a specific portal."
										],
										[
											"2",
											"Several gnome {@creature Mage||mages} seek help recovering their walking castle from a band of aggressive, spine-covered {@creature lizardfolk} influenced by {@book the Abyss|MPP|0|The Abyss}."
										],
										[
											"3",
											"The characters stumble across a youthful or elderly {@creature commoner} who doesn't know how they came to be in the Outlands and who wants only to go home."
										],
										[
											"4",
											"A {@creature bandit captain} and his gang seek the characters' help as they plan a heist in the realm of an immortal being, like the {@book Realm of the Norns|SatO|_UNKNOWN} or {@book Wonderhome|SatO|_UNKNOWN} (see {@book Sigil and the Outlands|SatO} for details on both locations)."
										]
									]
								}
							]
						},
						{
							"type": "entries",
							"name": "Monstrosities",
							"page": 14,
							"id": "05d",
							"entries": [
								"Monstrosities are common in the Outlands. Due to the influence of the Outer Planes, many behave differently than they might on the Material Plane.",
								{
									"type": "table",
									"caption": "Outlands Monstrosities",
									"colLabels": [
										"d4",
										"Encounter"
									],
									"colStyles": [
										"col-2 text-center",
										"col-10"
									],
									"rows": [
										[
											"1",
											"The characters are hired to recover cargo from a crashed vessel brimming with rare technology, but the wreckage is overrun with {@creature Rust Monster||rust monsters}."
										],
										[
											"2",
											"The characters have to retrieve a treasure from a group of mischievous {@creature Sprite||sprites}. The sprites are secretly defended by {@creature Mimic||mimics} influenced by {@book Elysium|MPP|0|Elysium} that take the form of tiny, whimsical cottages."
										],
										[
											"3",
											"A pride of {@creature Displacer Beast||displacer beasts} stalks a band of traveling merchants. The merchants seek protection from the predators hunting them for sport."
										],
										[
											"4",
											"A {@creature drider} influenced by {@book Arborea|MPP|0|Arborea} runs a {@creature giant spider} ranch. She hires the characters to hunt a rare breed of {@creature sunfly|MPP} (detailed {@book later|MPP|1|Sunflies} in this book) that, when fed to her spiders, will allow them to produce a remarkable type of silk."
										]
									]
								}
							]
						},
						{
							"type": "entries",
							"name": "Oozes",
							"page": 14,
							"id": "05e",
							"entries": [
								"Oozes often appear in swampy or subterranean reaches of the Outlands or in regions influenced by the Lower Planes.",
								{
									"type": "table",
									"caption": "Outlands Oozes",
									"colLabels": [
										"d4",
										"Encounter"
									],
									"colStyles": [
										"col-2 text-center",
										"col-10"
									],
									"rows": [
										[
											"1",
											"A yugoloth arms dealer has captured a hundred {@creature Gray Ooze||gray oozes} and seeks to sell them in the gate-town of Rigus as a weapon capable of destroying Acheron's floating cubes. A rival hires the characters to steal and dispose of the oozes."
										],
										[
											"2",
											"Within a {@creature gelatinous cube} influenced by {@book Gehenna|MPP|0|Gehenna} floats a gigantic fiendish skull. Numerous Fiends revere the cube and interpret depraved schemes and threatening orders from its quivering. A Celestial seeks aid in destroying the cube."
										],
										[
											"3",
											"A bog in a region influenced by {@book Carceri|MPP|0|Carceri} is swamped with countless {@creature Black Pudding||black puddings}. The characters are hired to recover a lost relic from the bottom of the bog."
										],
										[
											"4",
											"A chef in the gate-town of {@book Tradegate|SatO|_UNKNOWN} wants the characters to retrieve royal jelly from a hive of giant bees (use the {@creature giant wasp} stat block). He doesn't note that the hive's honey takes the form of sweet-tasting {@creature Ochre Jelly||ochre jellies}."
										]
									]
								},
								{
									"type": "image",
									"href": {
										"type": "internal",
										"path": "book/MPP/007-00-008.limbo-madness.webp"
									},
									"title": "In a landscape warped by Limbo's pure chaos, an animal-headed ettin fights a massive, many-eyed ooze",
									"credit": "Kent Davis",
									"width": 1700,
									"height": 1136
								}
							]
						},
						{
							"type": "entries",
							"name": "Plants",
							"page": 14,
							"id": "05f",
							"entries": [
								"Plants in the Outlands often grow to incredible size, produce remarkable flowers or fruit, and exhibit bizarre shapes and colors. Regions influenced by other planes are typically first recognizable by the effect those planes have on vegetation.",
								{
									"type": "table",
									"caption": "Outlands Plants",
									"colLabels": [
										"d4",
										"Encounter"
									],
									"colStyles": [
										"col-2 text-center",
										"col-10"
									],
									"rows": [
										[
											"1",
											"A young {@creature treant} wants to put down roots. It asks the characters to help it travel around the Outlands so it can find a suitable place to call home."
										],
										[
											"2",
											"A {@creature myconid sovereign} has convinced a group of {@creature Githzerai Monk||githzerai monks} to abandon their teachings and follow its path to serenity. Another githzerai hires the characters to oust the fungal guru."
										],
										[
											"3",
											"An herbalist has cultivated a unique breed of {@creature Gas Spore||gas spores}. She hires the characters to convey the spores to her buyer without setting off the fungi."
										],
										[
											"4",
											"A resident of the gate-town of {@book Ecstasy|SatO|_UNKNOWN} is missing. His garden of {@creature Twig Blight||twig blights}\u2014influenced by {@book Elysium|MPP|0|Elysium} to resemble topiary sculptures\u2014haven't been fed and now sow chaos in town."
										]
									]
								}
							]
						},
						{
							"type": "entries",
							"name": "Undead",
							"page": 15,
							"id": "060",
							"entries": [
								"Undead often lurk in the dismal reaches of the Outlands, but some wander the land, either seeking places to spend eternity or preying on the living.",
								{
									"type": "table",
									"caption": "Outlands Undead",
									"colLabels": [
										"d4",
										"Encounter"
									],
									"colStyles": [
										"col-2 text-center",
										"col-10"
									],
									"rows": [
										[
											"1",
											"The characters find a trapped {@creature crawling claw}. Rather than attacking, the severed hand can lead the characters to the thankful immortal who lost it."
										],
										[
											"2",
											"A {@creature banshee} influenced by {@book Acheron|MPP|0|Acheron} appears as a fallen knight-commander with a legion of {@creature Specter||specters}. Guardians of the gate-town of Rigus hire the characters to help banish the phantom army."
										],
										[
											"3",
											"A {@creature lich} seeks to dominate the gate-town of Hopeless and see it dragged into Hades with himself as its ruler. Citizens of the gate-town entreat the characters to keep the gate-town hopeful enough that it doesn't fall into the Lower Plane."
										],
										[
											"4",
											"Several confused {@creature ghost} {@book petitioners|MPP|0|Petitioners} have become lost. They seek someone to pass judgment on their lives and deliver them to the proper planes."
										]
									]
								},
								{
									"type": "quote",
									"entries": [
										"\"Some folks have notions about what sorts of creatures they don't expect to see around the Outer Planes. Like undead, for example\u2013as if they can't grok how souls and vampires and zombies might all wind up on the same infinite planes. What can I say? The planes are wild, Chief\u2013I'm unliving proof.\""
									],
									"by": "Morte"
								}
							]
						}
					]
				},
				{
					"type": "section",
					"name": "Planar Encounters",
					"page": 63,
					"id": "061",
					"entries": [
						"The following tables present random encounters adventurers might face across the Outlands or in other realms influenced by the Outer Planes. These tables are divided by the alignment of the planes affecting a region. Unless otherwise noted, creatures marked with an asterisk (*) appear in this book, while the rest are described in the {@book Monster Manual|MM}.",
						"If you wish to further customize these encounters, use traits detailed in the \"{@book Planar Influences|MPP|0|Planar Influences}\" section.",
						{
							"type": "table",
							"caption": "Chaotic Planar Encounters",
							"colLabels": [
								"d100",
								"Encounter"
							],
							"colStyles": [
								"col-2 text-center",
								"col-10"
							],
							"rows": [
								[
									"01\u20138",
									"{@dice 1d6} {@creature Bariaur Wanderer|MPP|bariaur wanderers}*"
								],
								[
									"09\u201316",
									"1 {@creature monodrone} that has gone rogue and seeks the meaning of the multiverse"
								],
								[
									"17\u201324",
									"{@dice 1d6} {@creature Swarm of Sunflies|MPP|swarms of sunflies}*"
								],
								[
									"25\u201331",
									"{@dice 1d4} {@creature Red Slaad||red slaadi}"
								],
								[
									"32\u201338",
									"1 {@creature Cranium Rat Squeaker Swarm|MPP|swarm of cranium rat squeakers}.* Roll a die. If the number is even, these cranium rats have set up a tiny shop. If the number is odd, these cranium rats have also set up a tiny shop but are con artists."
								],
								[
									"39\u201346",
									"{@dice 1d6} {@creature Pteranodon||pteranodons}"
								],
								[
									"47\u201355",
									"{@dice 1d4} {@creature Mercykiller Bloodhound|MPP|Mercykiller bloodhounds}* tracking a planar criminal"
								],
								[
									"56\u201362",
									"{@dice 1d8} {@creature berserker} {@book petitioners|MPP|0|Petitioners}"
								],
								[
									"63\u201372",
									"A rift-like portal connecting to a random plane"
								],
								[
									"73\u201379",
									"1 {@creature ettin} with two different animal heads"
								],
								[
									"80\u201385",
									"1 {@creature green slaad} disguised as a lost explorer from the Material Plane"
								],
								[
									"86\u201390",
									"{@dice 1d6} {@creature Vrock||vrocks} seeking to dragoon captives into the Blood War"
								],
								[
									"91\u201397",
									"A location the characters passed hours ago"
								],
								[
									"98\u201300",
									"1 chaotic {@creature empyrean} seeking companions to undertake a mighty quest"
								]
							]
						},
						{
							"type": "table",
							"caption": "Evil Planar Encounters",
							"colLabels": [
								"d100",
								"Encounter"
							],
							"colStyles": [
								"col-2 text-center",
								"col-10"
							],
							"rows": [
								[
									"01\u20137",
									"{@dice 1d6} {@creature Vargouille Reflection|MPP|vargouille reflections}*"
								],
								[
									"08\u201316",
									"1 {@creature night hag} selling {@dice 2d6} {@creature Larva|DMG|larvae} (see the {@book Dungeon Master's Guide|DMG})"
								],
								[
									"17\u201323",
									"{@dice 1d4} {@creature Razorvine Blight|MPP|razorvine blights}*"
								],
								[
									"24\u201331",
									"A force of {@dice 3d10} {@creature Hobgoblin||hobgoblins} and 1 {@creature hobgoblin} {@creature warlord|MPMM}"
								],
								[
									"32\u201338",
									"1 {@creature gnoll fang of Yeenoghu} and {@dice 2d6} {@creature Gnoll||gnolls}"
								],
								[
									"39\u201347",
									"1 {@creature ultroloth} and {@dice 1d4} {@creature Mezzoloth||mezzoloths}"
								],
								[
									"48\u201353",
									"1 {@creature darkweaver|MPP}* that calls from its shadowy lair"
								],
								[
									"54\u201363",
									"A portal to a Lower Plane that whispers sinister promises"
								],
								[
									"64\u201369",
									"1 {@creature shator demodand|MPP}* seeking its lost prisoners"
								],
								[
									"70\u201377",
									"{@dice 2d6} {@creature Nightmare||nightmares}"
								],
								[
									"78\u201384",
									"1 {@creature githyanki knight} mounted on 1 {@creature young red dragon}"
								],
								[
									"85\u201391",
									"1 {@creature lich} in a sinister walking citadel"
								],
								[
									"92\u201398",
									"A Blood War battlefield where 1 {@creature marilith} general leads demons against 1 {@creature ice devil} general and its devils"
								],
								[
									"99\u201300",
									"1 {@creature baernaloth|MPP}* with a sinister magic item"
								]
							]
						},
						{
							"type": "table",
							"caption": "Good Planar Encounters",
							"colLabels": [
								"d100",
								"Encounter"
							],
							"colStyles": [
								"col-2 text-center",
								"col-10"
							],
							"rows": [
								[
									"01\u201309",
									"1 {@creature sunfly|MPP}* carrying a tiny dessert"
								],
								[
									"10\u201316",
									"1 {@creature lantern archon|MPP}* leading a group of {@dice 2d4} {@creature commoner} {@book petitioners|MPP|0|Petitioners} who are prone to getting lost"
								],
								[
									"17\u201322",
									"{@dice 1d6} {@creature Musteval Guardinal|MPP|musteval guardinals}* on a secret mission"
								],
								[
									"23\u201328",
									"1 {@creature time dragon wyrmling|MPP}*"
								],
								[
									"29\u201335",
									"{@dice 1d4} {@creature Hound Archon|MPP|hound archons},* each with a {@creature mastiff} tracking dog"
								],
								[
									"36\u201341",
									"A friendly, awakened {@creature swarm of bats}"
								],
								[
									"42\u201348",
									"{@dice 1d4} {@creature Cloud Giant||cloud giants} on a floating island"
								],
								[
									"49\u201356",
									"1 {@creature druid} studying an inert, magical animal sculpture made of thousands of tanzanite crystals"
								],
								[
									"57\u201363",
									"1 {@creature treant} comprised of cacti, coral, or mushrooms"
								],
								[
									"64\u201370",
									"1 {@creature avoral guardinal|MPP}* seeking a lost animal {@book petitioner|MPP|0|Petitioners}"
								],
								[
									"71\u201380",
									"A portal to an Upper Plane that beckons with promises of eternal peace and comfort"
								],
								[
									"81\u201387",
									"1 gold dragon (your choice of {@creature Young Gold Dragon||young}, {@creature Adult Gold Dragon||adult}, or {@creature Ancient Gold Dragon||ancient})"
								],
								[
									"88\u201395",
									"1 {@creature planar incarnate|MPP|planar incarnate (Celestial form)}"
								],
								[
									"96\u201300",
									"1 {@creature solar} angel sent to bestow a {@book blessing|DMG|7|Blessings} (see the {@book Dungeon Master's Guide|DMG}) on a character"
								]
							]
						},
						{
							"type": "table",
							"caption": "Lawful Planar Encounters",
							"colLabels": [
								"d100",
								"Encounter"
							],
							"colStyles": [
								"col-2 text-center",
								"col-10"
							],
							"rows": [
								[
									"01\u201306",
									"A {@creature warden archon|MPP}* guarding a portal to a dangerous plane"
								],
								[
									"07\u201313",
									"1 {@creature imp} who claims to speak for an archdevil"
								],
								[
									"14\u201321",
									"{@dice 1d6} {@creature Hands of Havoc Fire Starter|MPP|Hands of Havoc fire starters}*"
								],
								[
									"22\u201329",
									"1 {@creature maelephant|MPP}*"
								],
								[
									"30\u201336",
									"1 {@creature flumph} {@book petitioner|MPP|0|Petitioners} that's excited to learn about the planes"
								],
								[
									"37\u201342",
									"1 {@creature decaton modron|MPP}* and {@dice 2d6} {@creature Quadrone||quadrones} on their way back to Mechanus"
								],
								[
									"43\u201348",
									"1 {@creature guardian naga} storyteller"
								],
								[
									"49\u201354",
									"1 {@creature gynosphinx} who guards secret wisdom"
								],
								[
									"55\u201361",
									"{@dice 1d6} {@creature Knight||knights} on a quest across the planes"
								],
								[
									"62\u201369",
									"1 {@creature nonaton modron|MPP}* in a walking citadel that looks like a giant modron"
								],
								[
									"70\u201376",
									"{@dice 1d4} {@creature Couatl||couatls}"
								],
								[
									"77\u201384",
									"1 {@creature Mind's Eye matter smith|MPP}* testing a new invention"
								],
								[
									"85\u201390",
									"1 {@creature beholder} {@book petitioner|MPP|0|Petitioners} scheming against a rival who's still alive"
								],
								[
									"91\u201397",
									"1 {@creature pit fiend} who claims to speak for an archdevil"
								],
								[
									"98\u201300",
									"1 {@creature hexton modron|MPP}* leading a march of hundreds of lesser modrons"
								]
							]
						},
						{
							"type": "table",
							"caption": "Neutral Planar Encounters",
							"colLabels": [
								"d100",
								"Encounter"
							],
							"colStyles": [
								"col-2 text-center",
								"col-10"
							],
							"rows": [
								[
									"01\u201307",
									"{@dice 1d6} {@creature thri-kreen} looking for a way back to their Material Plane home"
								],
								[
									"08\u201315",
									"A mysterious being who communicates via 1 {@creature cranium rat squeaker|MPP}*"
								],
								[
									"16\u201322",
									"{@dice 1d4} {@creature Society of Sensation Muse|MPP|Society of Sensation muses}* undertaking increasingly daring feats"
								],
								[
									"23\u201331",
									"1 {@creature smoke mephit} carrying challenges between archmage rivals"
								],
								[
									"32\u201338",
									"1 {@creature eater of knowledge|MPP}*"
								],
								[
									"39\u201346",
									"{@dice 2d12} {@creature commoner} {@book petitioners|MPP|0|Petitioners} fleeing {@dice 1d4} {@creature Farastu Demodand|MPP|farastu demodands}* and 1 {@creature kelubar demodand|MPP}*"
								],
								[
									"47\u201355",
									"1 {@creature cuprilach rilmani|MPP}* on an assassination mission"
								],
								[
									"56\u201364",
									"1 {@creature equinal guardinal|MPP}* messenger"
								],
								[
									"65\u201371",
									"{@dice 1d4} {@creature Githzerai Traveler|MPP|githzerai travelers}*"
								],
								[
									"72\u201379",
									"1 {@creature kolyarut|MPP}* seeking a contract breaker"
								],
								[
									"80\u201386",
									"1 {@creature aurumach rilmani|MPP}*"
								],
								[
									"87\u201392",
									"1 {@creature githzerai futurist|MPP}* with a warning about a character's future"
								],
								[
									"93\u201398",
									"1 {@creature flameskull} claiming to be the famed planar explorer Morte"
								],
								[
									"99\u201300",
									"1 {@creature ancient time dragon|MPP}* (50 percent chance the time dragon is from the past, 50 percent chance it's from the future)"
								]
							]
						},
						{
							"type": "image",
							"href": {
								"type": "internal",
								"path": "book/MPP/008-00-017.morte-meet-dragon.webp"
							},
							"credit": "Zoltan Boros",
							"width": 850,
							"height": 2267
						},
						{
							"type": "quote",
							"entries": [
								"\"Don't go thinking you've got a handle on the planes now, Chief. That's the surest way to find out you don't know the first thing about how they really work.\""
							],
							"by": "Morte"
						}
					]
				}
			]
		},
		{
			"type": "section",
			"name": "Bestiary A to Z",
			"page": 16,
			"id": "062",
			"entries": [
				"This section presents stat blocks in alphabetical order for creatures suited to planar campaigns.",
				{
					"type": "list",
					"columns": 3,
					"items": [
						"{@creature Adult Time Dragon|MPP}",
						"{@creature Ancient Time Dragon|MPP}",
						"{@creature Aurumach Rilmani|MPP}",
						"{@creature Avoral Guardinal|MPP}",
						"{@creature Baernaloth|MPP}",
						"{@creature Bariaur Wanderer|MPP}",
						"{@creature Cranium Rat Squeaker Swarm|MPP}",
						"{@creature Cranium Rat Squeaker|MPP}",
						"{@creature Cuprilach Rilmani|MPP}",
						"{@creature Dabus|MPP}",
						"{@creature Darkweaver|MPP}",
						"{@creature Decaton Modron|MPP}",
						"{@creature Eater of Knowledge|MPP}",
						"{@creature Equinal Guardinal|MPP}",
						"{@creature Farastu Demodand|MPP}",
						"{@creature Ferrumach Rilmani|MPP}",
						"{@creature Githzerai Futurist|MPP}",
						"{@creature Githzerai Traveler|MPP}",
						"{@creature Githzerai Uniter|MPP}",
						"{@creature Hexton Modron|MPP}",
						"{@creature Hound Archon|MPP}",
						"{@creature Kelubar Demodand|MPP}",
						"{@creature Kolyarut|MPP}",
						"{@creature Lantern Archon|MPP}",
						"{@creature Maelephant|MPP}",
						"{@creature Marut|MPMM}",
						"{@creature Musteval Guardinal|MPP}",
						"{@creature Nonaton Modron|MPP}",
						"{@creature Octon Modron|MPP}",
						"{@creature Planar Incarnate|MPP}",
						"{@creature Razorvine Blight|MPP}",
						"{@creature Septon Modron|MPP}",
						"{@creature Shator Demodand|MPP}",
						"{@creature Shemeshka|MPP}",
						"{@creature Sunfly|MPP}",
						"{@creature Swarm of Insects}",
						"{@creature Swarm of Sunflies|MPP}",
						"{@creature Time Dragon Wyrmling|MPP}",
						"{@creature Vargouille Reflection|MPP}",
						"{@creature Warden Archon|MPP}",
						"{@creature Young Time Dragon|MPP}"
					]
				},
				{
					"type": "section",
					"name": "Faction Agents",
					"page": 53,
					"id": "094",
					"entries": [
						"This section presents stat blocks in alphabetical order for members of Sigil's twelve {@book ascendant factions|SatO|_UNKNOWN}. These groups and a summary of their beliefs appear on the {@book Ascendant Factions of Sigil table|MPP|1|Ascendant Factions of Sigil}. All are detailed further in {@book Sigil and the Outlands|SatO}.",
						{
							"type": "image",
							"href": {
								"type": "internal",
								"path": "book/MPP/041-01-020.faction-agents.webp"
							},
							"title": "Factols Hashkar, Darkwood, and Rhys, along with other Sigil leaders, debate in the Hall of Speakers",
							"credit": "Taras Susak",
							"width": 1700,
							"height": 2200
						},
						{
							"type": "table",
							"caption": "Ascendant Factions of Sigil",
							"colLabels": [
								"Name",
								"Summary"
							],
							"colStyles": [
								"col-6",
								"col-6"
							],
							"rows": [
								[
									"{@creature Athar Null|MPP|Athar}",
									"Claim the gods are frauds"
								],
								[
									"{@creature Bleak Cabal Void Soother|MPP|Bleak Cabal}",
									"Find no sense in the multiverse"
								],
								[
									"{@creature Doomguard Doom Lord|MPP|Doomguard}",
									"Celebrate destruction"
								],
								[
									"{@creature Doomguard Rot Blade|MPP|Fated}",
									"Take all they can"
								],
								[
									"{@creature Fated Shaker|MPP|Fraternity of Order}",
									"Discover laws to find truth"
								],
								[
									"{@creature Fraternity of Order Law Bender|MPP|Hands of Havoc}",
									"Free society through chaos"
								],
								[
									"{@creature Hands of Havoc Fire Starter|MPP|Harmonium}",
									"Enforce peace through might"
								],
								[
									"{@creature Harmonium Captain|MPP|Heralds of Dust}",
									"Believe we're already dead"
								],
								[
									"{@creature Harmonium Peacekeeper|MPP|Mercykillers}",
									"Bringers of merciless justice"
								],
								[
									"{@creature Heralds of Dust Remnant|MPP|Mind's Eye}",
									"Seekers of godhood"
								],
								[
									"{@creature Mercykiller Bloodhound|MPP|Society of Sensation}",
									"Find truth through experience"
								],
								[
									"{@creature Mind's Eye Matter Smith|MPP|Transcendent Order}",
									"Act unfettered by thought"
								]
							]
						}
					]
				}
			]
		},
		{
			"type": "section",
			"name": "Credits",
			"entries": [
				{
					"type": "list",
					"style": "list-hang-notitle",
					"columns": 2,
					"items": [
						{
							"type": "list",
							"style": "list-hang-notitle",
							"items": [
								{
									"type": "item",
									"name": "Project Leads",
									"entries": [
										"Justice Ramin Arman, F. Wesley Schneider"
									]
								},
								{
									"type": "item",
									"name": "Art Director",
									"entries": [
										"Emi Tanji"
									]
								},
								{
									"type": "item",
									"name": "Writers",
									"entries": [
										"Dan Dillon, Ben Petrisor, F. Wesley Schneider"
									]
								},
								{
									"type": "item",
									"name": "Rules Developers",
									"entries": [
										"Jeremy Crawford, Ron Lundeen, Christopher Perkins"
									]
								},
								{
									"type": "item",
									"name": "Lead Editor",
									"entries": [
										"Adrian Ng"
									]
								},
								{
									"type": "item",
									"name": "Editors",
									"entries": [
										"Judy Bauer, Janica Carter, Christopher Perkins"
									]
								},
								{
									"type": "item",
									"name": "Graphic Designer",
									"entries": [
										"Matt Cole"
									]
								},
								{
									"type": "item",
									"name": "Cover Illustrators",
									"entries": [
										"Dmitry Burmak, Tony DiTerlizzi"
									]
								},
								{
									"type": "item",
									"name": "Interior Illustrators",
									"entries": [
										"Mark Behm, Eric Belisle, Olivier Bernard, Zoltan Boros, Christopher Burdett, Dmitry Burmak, Ekaterina Burmak, CoupleOfKooks, Kent Davis, Julie Dillon, Jessica Fong, Isabel Gibney, Quintin Gleim, Katerina Ladon, Adrián Ibarra Lugo, Warren Mahy, Dave Melvin, David Auden Nash, Irina Nordsol, Claudio Pozas, Chris Seaman, Taras Susak, Matias Tapia, John Tedrick, Brian Valeza, Kieran Yanner"
									]
								},
								{
									"type": "item",
									"name": "Concept Art Directors",
									"entries": [
										"Josh Herman, Emi Tanji"
									]
								},
								{
									"type": "item",
									"name": "Concept Artists",
									"entries": [
										"Eric Belisle, Dmitry Burmak, Ekaterina Burmak, Max Dunbar, Alex Konstad, Juho Laitila, Izzy Medrano, One Pixel Brush, Noor Rahman, John Tedrick, Terraform Studios, Shawn Wood"
									]
								},
								{
									"type": "item",
									"name": "Consultants",
									"entries": [
										"Michele Carter, Rico Corazón, Basheer Ghouse, Jonathan S. Tomhave"
									]
								},
								{
									"type": "item",
									"name": "Project Engineer",
									"entries": [
										"Cynda Callaway"
									]
								},
								{
									"type": "item",
									"name": "Imaging Technicians",
									"entries": [
										"Daniel Corona, Kevin Yee"
									]
								},
								{
									"type": "item",
									"name": "Prepress Specialist",
									"entries": [
										"Jefferson Dunlap"
									]
								}
							]
						},
						{
							"type": "entries",
							"entries": [
								{
									"type": "entries",
									"name": "D&D Studio",
									"entries": [
										{
											"type": "list",
											"style": "list-hang-notitle",
											"items": [
												{
													"type": "item",
													"name": "Executive Producer",
													"entries": [
														"Kyle Brink"
													]
												},
												{
													"type": "item",
													"name": "Game Architects",
													"entries": [
														"Jeremy Crawford, Christopher Perkins"
													]
												},
												{
													"type": "item",
													"name": "Studio Art Director",
													"entries": [
														"Josh Herman"
													]
												},
												{
													"type": "item",
													"name": "Art Manager",
													"entries": [
														"Rob Sather"
													]
												},
												{
													"type": "item",
													"name": "Art Department",
													"entries": [
														"Matt Cole, Trystan Falcone, Bree Heiss, Kate Irwin, Bob Jordan, Noor Rahman, Emi Tanji, Trish Yochum"
													]
												},
												{
													"type": "item",
													"name": "Design Department",
													"entries": [
														"Justice Ramin Arman, Makenzie De Armas, Dan Dillon, Amanda Hamon, Ron Lundeen, Ben Petrisor, Patrick Renie, F. Wesley Schneider, Carl Sibley, Jason Tondro, James Wyatt"
													]
												},
												{
													"type": "item",
													"name": "Managing Editor",
													"entries": [
														"Judy Bauer"
													]
												},
												{
													"type": "item",
													"name": "Editorial Department",
													"entries": [
														"Eytan Bernstein, Janica Carter, Adrian Ng"
													]
												},
												{
													"type": "item",
													"name": "Senior Producer",
													"entries": [
														"Dan Tovar"
													]
												},
												{
													"type": "item",
													"name": "Producers",
													"entries": [
														"Bill Benham, Siera Bruggeman, Robert Hawkey, Andy Smith, Gabe Waluconis"
													]
												},
												{
													"type": "item",
													"name": "Director of Product Management",
													"entries": [
														"Liz Schuh"
													]
												},
												{
													"type": "item",
													"name": "Product Managers",
													"entries": [
														"Natalie Egan, Chris Lindsay, Hilary Ross, Chris Tulach"
													]
												}
											]
										}
									]
								}
							]
						},
						{
							"type": "entries",
							"entries": [
								{
									"type": "entries",
									"name": "D&D Beyond",
									"entries": [
										{
											"type": "list",
											"style": "list-hang-notitle",
											"items": [
												{
													"type": "item",
													"name": "Product Managers",
													"entries": [
														"Patrick Backmann, Jeff Turriff"
													]
												},
												{
													"type": "item",
													"name": "Digital Design Team",
													"entries": [
														"Jay Jani, Adam Walton, Cameron Powell, Joseph Keen, Sean Stoves"
													]
												}
											]
										}
									]
								}
							]
						},
						"Special thanks to Michele Carter; Lisa Ohanian; Black Isle Studios, the creators of {@i Planescape: Torment}; and the hundreds of playtesters who made this a better book!"
					]
				},
				{
					"type": "image",
					"href": {
						"type": "internal",
						"path": "book/MPP/credits.webp"
					},
					"maxWidth": 350,
					"credit": "Jessica Fong",
					"width": 1200,
					"height": 1412
				},
				"Additional thanks to the original Planescape setting designers, including Rich Baker, Wolfgang Baur, Tim Beach, Karen Boomgarden, Michele Carter, David \"Zeb\" Cook, Monte Cook, Tony DiTerlizzi, Dale Donovan, Jeff Grubb, Andria Hayday, Dori Jean Hein, Brian Kowal, Rob Lazzaretti, Colin McComb, Dawn Murin, rk post, Robh Ruppel, J. M. Salsbury, Bill Slavicsek, Lester Smith, Rick Swan, Ray Vallese, James Ward, Sue Weinlein, Skip Williams, Steve Winter, David Wise, and many more.",
				{
					"type": "gallery",
					"images": [
						{
							"type": "image",
							"href": {
								"type": "internal",
								"path": "book/MPP/credits2.webp"
							},
							"title": "On the Cover: On this cover by Dmitry Burmak, the skull-like planar traveler Morte explores the multiverse, but he doesn't exactly make friends wherever he goes.",
							"width": 850,
							"height": 570
						},
						{
							"type": "image",
							"href": {
								"type": "internal",
								"path": "book/MPP/credits3.webp"
							},
							"title": "On the Alt-Cover: Artist Tony DiTerlizzi depicts a githyanki warrior, the most recent in a long tradition of gith to explore the planes and model for the covers of hardback bestiaries.",
							"width": 850,
							"height": 579
						}
					]
				}
			]
		}
	]
}
