{
	"class": [
		{
			"name": "Expert Sidekick",
			"source": "TCE",
			"page": 142,
			"isSidekick": true,
			"classFeatures": [
				"Sidekick Class|Expert Sidekick|TCE|1",
				"Bonus Proficiencies|Expert Sidekick|TCE|1",
				"Helpful|Expert Sidekick|TCE|1",
				"Cunning Action|Expert Sidekick|TCE|2",
				"Expertise|Expert Sidekick|TCE|3",
				"Ability Score Improvement|Expert Sidekick|TCE|4",
				"Coordinated Strike|Expert Sidekick|TCE|6",
				"Evasion|Expert Sidekick|TCE|7",
				"Ability Score Improvement|Expert Sidekick|TCE|8",
				"Ability Score Improvement|Expert Sidekick|TCE|10",
				"Inspiring Help|Expert Sidekick|TCE|11",
				"Ability Score Improvement|Expert Sidekick|TCE|12",
				"Reliable Talent|Expert Sidekick|TCE|14",
				"Expertise|Expert Sidekick|TCE|15",
				"Ability Score Improvement|Expert Sidekick|TCE|16",
				"Sharp Mind|Expert Sidekick|TCE|18",
				"Ability Score Improvement|Expert Sidekick|TCE|19",
				"Inspiring Help Improvement|Expert Sidekick|TCE|20"
			],
			"fluff": [
				{
					"name": "Expert Sidekick",
					"type": "section",
					"entries": [
						"The Expert is a master of certain tasks or knowledge, favoring cunning over brawn. It might be a scout, a musician, a librarian, a clever street kid, a wily merchant, or a burglar."
					],
					"source": "TCE"
				}
			]
		},
		{
			"name": "Spellcaster Sidekick",
			"source": "TCE",
			"page": 144,
			"isSidekick": true,
			"casterProgression": "artificer",
			"cantripProgression": [
				2,
				2,
				2,
				3,
				3,
				3,
				3,
				3,
				3,
				4,
				4,
				4,
				4,
				4,
				4,
				4,
				4,
				4,
				4,
				4
			],
			"spellsKnownProgression": [
				1,
				2,
				3,
				3,
				4,
				4,
				5,
				5,
				6,
				6,
				7,
				7,
				8,
				8,
				9,
				9,
				10,
				10,
				11,
				11
			],
			"classTableGroups": [
				{
					"colLabels": [
						"{@filter Cantrips Known|spells|level=0}"
					],
					"rows": [
						[
							2
						],
						[
							2
						],
						[
							2
						],
						[
							3
						],
						[
							3
						],
						[
							3
						],
						[
							3
						],
						[
							3
						],
						[
							3
						],
						[
							4
						],
						[
							4
						],
						[
							4
						],
						[
							4
						],
						[
							4
						],
						[
							4
						],
						[
							4
						],
						[
							4
						],
						[
							4
						],
						[
							4
						],
						[
							4
						]
					]
				},
				{
					"colLabels": [
						"{@filter Spells Known|spells|level=!0}"
					],
					"rows": [
						[
							1
						],
						[
							2
						],
						[
							3
						],
						[
							3
						],
						[
							4
						],
						[
							4
						],
						[
							5
						],
						[
							5
						],
						[
							6
						],
						[
							6
						],
						[
							7
						],
						[
							7
						],
						[
							8
						],
						[
							8
						],
						[
							9
						],
						[
							9
						],
						[
							10
						],
						[
							10
						],
						[
							11
						],
						[
							11
						]
					]
				},
				{
					"title": "Spell Slots per Spell Level",
					"colLabels": [
						"{@filter 1st|spells|level=1}",
						"{@filter 2nd|spells|level=2}",
						"{@filter 3rd|spells|level=3}",
						"{@filter 4th|spells|level=4}",
						"{@filter 5th|spells|level=5}"
					],
					"rows": [
						[
							2,
							0,
							0,
							0,
							0
						],
						[
							2,
							0,
							0,
							0,
							0
						],
						[
							3,
							0,
							0,
							0,
							0
						],
						[
							3,
							0,
							0,
							0,
							0
						],
						[
							4,
							2,
							0,
							0,
							0
						],
						[
							4,
							2,
							0,
							0,
							0
						],
						[
							4,
							3,
							0,
							0,
							0
						],
						[
							4,
							3,
							0,
							0,
							0
						],
						[
							4,
							3,
							2,
							0,
							0
						],
						[
							4,
							3,
							2,
							0,
							0
						],
						[
							4,
							3,
							3,
							0,
							0
						],
						[
							4,
							3,
							3,
							0,
							0
						],
						[
							4,
							3,
							3,
							1,
							0
						],
						[
							4,
							3,
							3,
							1,
							0
						],
						[
							4,
							3,
							3,
							2,
							0
						],
						[
							4,
							3,
							3,
							2,
							0
						],
						[
							4,
							3,
							3,
							3,
							1
						],
						[
							4,
							3,
							3,
							3,
							1
						],
						[
							4,
							3,
							3,
							3,
							2
						],
						[
							4,
							3,
							3,
							3,
							2
						]
					]
				}
			],
			"classFeatures": [
				"Sidekick Class|Spellcaster Sidekick|TCE|1",
				"Bonus Proficiencies|Spellcaster Sidekick|TCE|1",
				"Spellcasting|Spellcaster Sidekick|TCE|1",
				"Ability Score Improvement|Spellcaster Sidekick|TCE|4",
				"Potent Cantrips|Spellcaster Sidekick|TCE|6",
				"Ability Score Improvement|Spellcaster Sidekick|TCE|8",
				"Ability Score Improvement|Spellcaster Sidekick|TCE|12",
				"Empowered Spells|Spellcaster Sidekick|TCE|14",
				"Ability Score Improvement|Spellcaster Sidekick|TCE|16",
				"Ability Score Improvement|Spellcaster Sidekick|TCE|18",
				"Focused Casting|Spellcaster Sidekick|TCE|20"
			],
			"fluff": [
				{
					"name": "Spellcaster Sidekick",
					"type": "section",
					"entries": [
						"A sidekick who becomes a Spellcaster walks the paths of magic. The sidekick might be a hedge wizard, a priest, a soothsayer, a magical performer, or a person with magic in their veins."
					],
					"source": "TCE"
				}
			]
		},
		{
			"name": "Warrior Sidekick",
			"source": "TCE",
			"page": 146,
			"isSidekick": true,
			"classFeatures": [
				"Sidekick Class|Warrior Sidekick|TCE|1",
				"Bonus Proficiencies|Warrior Sidekick|TCE|1",
				"Martial Role|Warrior Sidekick|TCE|1",
				"Second Wind|Warrior Sidekick|TCE|2",
				"Improved Critical|Warrior Sidekick|TCE|3",
				"Ability Score Improvement|Warrior Sidekick|TCE|4",
				"Extra Attack|Warrior Sidekick|TCE|6",
				"Battle Readiness|Warrior Sidekick|TCE|7",
				"Ability Score Improvement|Warrior Sidekick|TCE|8",
				"Improved Defense|Warrior Sidekick|TCE|10",
				"Indomitable|Warrior Sidekick|TCE|11",
				"Ability Score Improvement|Warrior Sidekick|TCE|12",
				"Ability Score Improvement|Warrior Sidekick|TCE|14",
				"Extra Attack Improvement|Warrior Sidekick|TCE|15",
				"Ability Score Improvement|Warrior Sidekick|TCE|16",
				"Indomitable Improvement|Warrior Sidekick|TCE|18",
				"Ability Score Improvement|Warrior Sidekick|TCE|19",
				"Second Wind Improvement|Warrior Sidekick|TCE|20"
			],
			"fluff": [
				{
					"name": "Warrior Sidekick",
					"type": "section",
					"entries": [
						"A Warrior sidekick grows in martial prowess as it fights by your side. It might be a soldier, a town guard, a battle-trained beast, or any other creature honed for combat."
					],
					"source": "TCE"
				}
			]
		}
	],
	"classFeature": [
		{
			"name": "Bonus Proficiencies",
			"source": "TCE",
			"page": 142,
			"className": "Expert Sidekick",
			"classSource": "TCE",
			"level": 1,
			"entries": [
				"{@i 1st-level Expert feature}",
				"The sidekick gains proficiency in one saving throw of your choice: Dexterity, Intelligence, or Charisma.",
				"In addition, the sidekick gains proficiency in five skills of your choice, and it gains proficiency with light armor. If it is a humanoid or has a {@filter simple or martial weapon|items|source=phb|category=basic|type=martial weapon;simple weapon} in its stat block, it also gains proficiency with all simple weapons and with two tools of your choice."
			]
		},
		{
			"name": "Helpful",
			"source": "TCE",
			"page": 142,
			"className": "Expert Sidekick",
			"classSource": "TCE",
			"level": 1,
			"entries": [
				"{@i 1st-level Expert feature}",
				"The sidekick is adept at giving well-timed assistance; the sidekick can take the {@action Help} action as a bonus action."
			]
		},
		{
			"name": "Sidekick Class",
			"source": "TCE",
			"page": 142,
			"className": "Expert Sidekick",
			"classSource": "TCE",
			"level": 1,
			"type": "inset",
			"entries": [
				"To gain the Expert class, a creature must have at least one language in its stat block that it can speak.",
				"{@note Note: this class is intended for NPC {@variantrule sidekicks|tce}.}"
			]
		},
		{
			"name": "Cunning Action",
			"source": "TCE",
			"page": 142,
			"className": "Expert Sidekick",
			"classSource": "TCE",
			"level": 2,
			"entries": [
				"{@i 2nd-level Expert feature}",
				"The sidekick's agility or quick thinking allows it to act speedily. On its turn in combat, it can take the {@action Dash}, {@action Disengage}, or {@action Hide} action as a bonus action."
			]
		},
		{
			"name": "Expertise",
			"source": "TCE",
			"page": 142,
			"className": "Expert Sidekick",
			"classSource": "TCE",
			"level": 3,
			"entries": [
				"{@i 3rd-level Expert feature}",
				"Choose two of the sidekick's skill proficiencies. The sidekick's proficiency bonus is doubled for any ability check it makes that uses any of the chosen proficiencies.",
				"At 15th level, choose two more of the sidekick's skill proficiencies to gain this benefit."
			]
		},
		{
			"name": "Ability Score Improvement",
			"source": "TCE",
			"page": 142,
			"className": "Expert Sidekick",
			"classSource": "TCE",
			"level": 4,
			"entries": [
				"{@i 4th-level Expert feature}",
				"At 4th level and again at 8th, 10th, 12th, 16th, and 19th level, the sidekick increases one ability score of your choice by 2, or the sidekick increases two ability scores of your choice by 1. The sidekick can't increase an ability score above 20 using this feature."
			]
		},
		{
			"name": "Coordinated Strike",
			"source": "TCE",
			"page": 142,
			"className": "Expert Sidekick",
			"classSource": "TCE",
			"level": 6,
			"entries": [
				"{@i 6th-level Expert feature}",
				"The sidekick is adept at fighting in concert with a companion. When the sidekick uses its Helpful feature to aid an ally in attacking a creature, that target can be up to 30 feet away from the sidekick, and the sidekick can deal an extra {@damage 2d6} damage to it the next time the sidekick hits it with an attack roll before the end of the current turn. The extra damage is the same type of damage dealt by the attack."
			]
		},
		{
			"name": "Evasion",
			"source": "TCE",
			"page": 142,
			"className": "Expert Sidekick",
			"classSource": "TCE",
			"level": 7,
			"entries": [
				"{@i 7th-level Expert feature}",
				"Because of extraordinary good luck, the sidekick is skilled at avoiding danger. When the sidekick is subjected to an effect that allows it to make a Dexterity saving throw to take only half damage, it instead takes no damage if it succeeds on the saving throw, and only half damage if it failed. The sidekick doesn't benefit from this feature while {@condition incapacitated}."
			]
		},
		{
			"name": "Ability Score Improvement",
			"source": "TCE",
			"page": 142,
			"className": "Expert Sidekick",
			"classSource": "TCE",
			"level": 8,
			"entries": [
				"{@i 8th-level Expert feature}",
				"At 4th level and again at 8th, 10th, 12th, 16th, and 19th level, the sidekick increases one ability score of your choice by 2, or the sidekick increases two ability scores of your choice by 1. The sidekick can't increase an ability score above 20 using this feature."
			]
		},
		{
			"name": "Ability Score Improvement",
			"source": "TCE",
			"page": 142,
			"className": "Expert Sidekick",
			"classSource": "TCE",
			"level": 10,
			"entries": [
				"{@i 10th-level Expert feature}",
				"At 4th level and again at 8th, 10th, 12th, 16th, and 19th level, the sidekick increases one ability score of your choice by 2, or the sidekick increases two ability scores of your choice by 1. The sidekick can't increase an ability score above 20 using this feature."
			]
		},
		{
			"name": "Inspiring Help",
			"source": "TCE",
			"page": 142,
			"className": "Expert Sidekick",
			"classSource": "TCE",
			"level": 11,
			"entries": [
				"{@i 11th-level Expert feature}",
				"When the sidekick takes the {@action Help} action, the creature who receives the help also gains a {@dice 1d6} bonus to the {@dice d20} roll. If that roll is an attack roll, the creature can forgo adding the bonus to it, and then if the attack hits, the creature can add the bonus to the attack's damage roll against one target.",
				"At 20th level, the bonus increases to {@dice 2d6}."
			]
		},
		{
			"name": "Ability Score Improvement",
			"source": "TCE",
			"page": 142,
			"className": "Expert Sidekick",
			"classSource": "TCE",
			"level": 12,
			"entries": [
				"{@i 12th-level Expert feature}",
				"At 4th level and again at 8th, 10th, 12th, 16th, and 19th level, the sidekick increases one ability score of your choice by 2, or the sidekick increases two ability scores of your choice by 1. The sidekick can't increase an ability score above 20 using this feature."
			]
		},
		{
			"name": "Reliable Talent",
			"source": "TCE",
			"page": 142,
			"className": "Expert Sidekick",
			"classSource": "TCE",
			"level": 14,
			"entries": [
				"{@i 14th-level Expert feature}",
				"The sidekick has refined its skills to an exceptional degree. Whenever the sidekick makes an ability check that includes its whole proficiency bonus, it can treat a {@dice d20} roll of 9 or lower as a 10."
			]
		},
		{
			"name": "Expertise",
			"source": "TCE",
			"page": 142,
			"className": "Expert Sidekick",
			"classSource": "TCE",
			"level": 15,
			"entries": [
				"{@i 15th-level Expert feature}",
				"Choose two of the sidekick's skill proficiencies. The sidekick's proficiency bonus is doubled for any ability check it makes that uses any of the chosen proficiencies."
			]
		},
		{
			"name": "Ability Score Improvement",
			"source": "TCE",
			"page": 142,
			"className": "Expert Sidekick",
			"classSource": "TCE",
			"level": 16,
			"entries": [
				"{@i 16th-level Expert feature}",
				"At 4th level and again at 8th, 10th, 12th, 16th, and 19th level, the sidekick increases one ability score of your choice by 2, or the sidekick increases two ability scores of your choice by 1. The sidekick can't increase an ability score above 20 using this feature."
			]
		},
		{
			"name": "Sharp Mind",
			"source": "TCE",
			"page": 142,
			"className": "Expert Sidekick",
			"classSource": "TCE",
			"level": 18,
			"entries": [
				"{@i 18th-level Expert feature}",
				"The sidekick gains proficiency in one of the following saving throws of your choice: Intelligence, Wisdom, or Charisma."
			]
		},
		{
			"name": "Ability Score Improvement",
			"source": "TCE",
			"page": 142,
			"className": "Expert Sidekick",
			"classSource": "TCE",
			"level": 19,
			"entries": [
				"{@i 19th-level Expert feature}",
				"At 4th level and again at 8th, 10th, 12th, 16th, and 19th level, the sidekick increases one ability score of your choice by 2, or the sidekick increases two ability scores of your choice by 1. The sidekick can't increase an ability score above 20 using this feature."
			]
		},
		{
			"name": "Inspiring Help Improvement",
			"source": "TCE",
			"page": 142,
			"className": "Expert Sidekick",
			"classSource": "TCE",
			"level": 20,
			"entries": [
				"{@i 20th-level Expert feature}",
				"At 20th level, the bonus dice granted by the sidekick's Inspiring Help increases to {@dice 2d6}."
			]
		},
		{
			"name": "Bonus Proficiencies",
			"source": "TCE",
			"page": 144,
			"className": "Spellcaster Sidekick",
			"classSource": "TCE",
			"level": 1,
			"entries": [
				"{@i 1st-level Spellcaster feature}",
				"The sidekick gains proficiency in one saving throw of your choice: Wisdom, Intelligence, or Charisma.",
				"In addition, the sidekick gains proficiency in two skills of your choice from the following list: {@skill Arcana}, {@skill History}, {@skill Insight}, {@skill Investigation}, {@skill Medicine}, {@skill Performance}, {@skill Persuasion}, and {@skill Religion}.",
				"The sidekick gains proficiency with light armor, and if it is a humanoid or has a {@filter simple or martial weapon|items|source=phb|category=basic|type=martial weapon;simple weapon} in its stat block, it also gains proficiency with all simple weapons."
			]
		},
		{
			"name": "Sidekick Class",
			"source": "TCE",
			"page": 144,
			"className": "Spellcaster Sidekick",
			"classSource": "TCE",
			"level": 1,
			"type": "inset",
			"entries": [
				"To gain the Spellcaster class, a creature must have at least one language in its stat block that it can speak.",
				"{@note Note: this class is intended for NPC {@variantrule sidekicks|tce}.}"
			]
		},
		{
			"name": "Spellcasting",
			"source": "TCE",
			"page": 144,
			"className": "Spellcaster Sidekick",
			"classSource": "TCE",
			"level": 1,
			"entries": [
				"{@i 1st-level Spellcaster feature}",
				"The sidekick gains the ability to cast spells. (If the creature already has the Spellcasting trait, this feature replaces that trait.) Choose the Spellcaster's role: Mage, Healer, or Prodigy. This choice determines the spell list and spellcasting ability used by the sidekick, as shown on the Spellcasting table.",
				{
					"type": "table",
					"caption": "Spellcasting",
					"colLabels": [
						"Role",
						"Spell List",
						"Ability"
					],
					"colStyles": [
						"col-4 text-center",
						"col-4 text-center",
						"col-4 text-center"
					],
					"rows": [
						[
							"Mage",
							"{@filter Wizard|spells|class=Wizard}",
							"Intelligence"
						],
						[
							"Healer",
							"{@filter Cleric and Druid|spells|class=Cleric;Druid}",
							"Wisdom"
						],
						[
							"Prodigy",
							"{@filter Bard and Warlock|spells|class=Bard;Warlock}",
							"Charisma"
						]
					]
				},
				{
					"type": "entries",
					"entries": [
						{
							"type": "entries",
							"name": "Spell Slots",
							"entries": [
								"The Spellcaster table shows how many spell slots the sidekick has to cast its Spellcaster spells of 1st level and higher. To cast one of these spells, the sidekick must expend a slot of the spell's level or higher. The sidekick regains all expended spell slots when it finishes a long rest."
							]
						},
						{
							"type": "entries",
							"name": "Spells Known",
							"entries": [
								"The sidekick knows two cantrips and one 1st-level spell of your choice from its spell list. Here are recommendations for a 1st-level spellcaster of each role:",
								{
									"type": "list",
									"style": "list-hang-notitle",
									"items": [
										{
											"type": "item",
											"name": "Mage:",
											"entry": "{@spell mage hand}, {@spell ray of frost}, {@spell thunderwave}"
										},
										{
											"type": "item",
											"name": "Healer:",
											"entry": "{@spell cure wounds}, {@spell guidance}, {@spell sacred flame}"
										},
										{
											"type": "item",
											"name": "Prodigy:",
											"entry": "{@spell eldritch blast}, {@spell healing word}, {@spell light}"
										},
										"The Cantrips Known and Spells Known columns of the Spellcaster table shows when the sidekick learns more spells of your choice. Each of the spells in the Spells Known column must be of a level for which the sidekick has spell slots, as shown on the table. For instance, when the sidekick reaches 5th level in this class, it can learn one new spell of 1st or 2nd level.",
										"Additionally, when the sidekick gains a level in this class, you can choose one of the spells it knows from this class and replace it with another spell from its spell list. The new spell must be a cantrip or of a level for which the sidekick has spell slots."
									]
								}
							]
						},
						{
							"type": "entries",
							"name": "Spellcasting Ability",
							"entries": [
								"The sidekick's spellcasting ability for these spells depends on the choice you made on the Spellcasting table.",
								"The sidekick uses its spellcasting ability whenever a spell refers to that ability. In addition, it uses its spellcasting ability modifier when setting the saving throw DC for a spell it casts and when making an attack roll with one.",
								{
									"type": "abilityDc",
									"name": "Spell",
									"attributes": [
										"spellcasting"
									]
								},
								{
									"type": "abilityAttackMod",
									"name": "Spell",
									"attributes": [
										"spellcasting"
									]
								}
							]
						},
						{
							"type": "entries",
							"name": "Spellcasting Focus",
							"entries": [
								"The sidekick can use a focus for its spells depending on the choice you made on the Spellcasting table. A Mage can use an arcane focus, a Healer can use a holy symbol, and a Prodigy can use an arcane focus or a {@item musical instrument|PHB}."
							]
						}
					]
				}
			]
		},
		{
			"name": "Ability Score Improvement",
			"source": "TCE",
			"page": 144,
			"className": "Spellcaster Sidekick",
			"classSource": "TCE",
			"level": 4,
			"entries": [
				"{@i 4th-level Spellcaster feature}",
				"At 4th level and again at 8th, 12th, 16th, and 18th level, the sidekick increases one ability score of your choice by 2, or the sidekick increases two ability scores of your choice by 1. The sidekick can't increase an ability score above 20 using this feature."
			]
		},
		{
			"name": "Potent Cantrips",
			"source": "TCE",
			"page": 144,
			"className": "Spellcaster Sidekick",
			"classSource": "TCE",
			"level": 6,
			"entries": [
				"{@i 6th-level Spellcaster feature}",
				"The sidekick can add its spellcasting ability modifier to the damage it deals with any cantrip."
			]
		},
		{
			"name": "Ability Score Improvement",
			"source": "TCE",
			"page": 144,
			"className": "Spellcaster Sidekick",
			"classSource": "TCE",
			"level": 8,
			"entries": [
				"{@i 8th-level Spellcaster feature}",
				"At 4th level and again at 8th, 12th, 16th, and 18th level, the sidekick increases one ability score of your choice by 2, or the sidekick increases two ability scores of your choice by 1. The sidekick can't increase an ability score above 20 using this feature."
			]
		},
		{
			"name": "Ability Score Improvement",
			"source": "TCE",
			"page": 144,
			"className": "Spellcaster Sidekick",
			"classSource": "TCE",
			"level": 12,
			"entries": [
				"{@i 12th-level Spellcaster feature}",
				"At 4th level and again at 8th, 12th, 16th, and 18th level, the sidekick increases one ability score of your choice by 2, or the sidekick increases two ability scores of your choice by 1. The sidekick can't increase an ability score above 20 using this feature."
			]
		},
		{
			"name": "Empowered Spells",
			"source": "TCE",
			"page": 144,
			"className": "Spellcaster Sidekick",
			"classSource": "TCE",
			"level": 14,
			"entries": [
				"{@i 14th-level Spellcaster feature}",
				"Choose one school of magic. Whenever the sidekick casts a spell of that school by expending a spell slot, the sidekick can add its spellcasting ability modifier to the spell's damage roll or healing roll, if any."
			]
		},
		{
			"name": "Ability Score Improvement",
			"source": "TCE",
			"page": 144,
			"className": "Spellcaster Sidekick",
			"classSource": "TCE",
			"level": 16,
			"entries": [
				"{@i 16th-level Spellcaster feature}",
				"At 4th level and again at 8th, 12th, 16th, and 18th level, the sidekick increases one ability score of your choice by 2, or the sidekick increases two ability scores of your choice by 1. The sidekick can't increase an ability score above 20 using this feature."
			]
		},
		{
			"name": "Ability Score Improvement",
			"source": "TCE",
			"page": 144,
			"className": "Spellcaster Sidekick",
			"classSource": "TCE",
			"level": 18,
			"entries": [
				"{@i 18th-level Spellcaster feature}",
				"At 4th level and again at 8th, 12th, 16th, and 18th level, the sidekick increases one ability score of your choice by 2, or the sidekick increases two ability scores of your choice by 1. The sidekick can't increase an ability score above 20 using this feature."
			]
		},
		{
			"name": "Focused Casting",
			"source": "TCE",
			"page": 144,
			"className": "Spellcaster Sidekick",
			"classSource": "TCE",
			"level": 20,
			"entries": [
				"{@i 20th-level Spellcaster feature}",
				"Taking damage can't break the sidekick's {@status concentration} on a spell."
			]
		},
		{
			"name": "Bonus Proficiencies",
			"source": "TCE",
			"page": 146,
			"className": "Warrior Sidekick",
			"classSource": "TCE",
			"level": 1,
			"entries": [
				"{@i 1st-level Warrior feature}",
				"The sidekick gains proficiency in one saving throw of your choice: Strength, Dexterity, or Constitution.",
				"In addition, the sidekick gains proficiency in two skills of your choice from the following list: {@skill Acrobatics}, {@skill Animal Handling}, {@skill Athletics}, {@skill Intimidation}, {@skill Nature}, {@skill Perception}, and {@skill Survival}.",
				"The sidekick gains proficiency with all armor, and if it is a humanoid or has a {@filter simple or martial weapon|items|source=phb|category=basic|type=martial weapon;simple weapon} in its stat block, it gains proficiency with shields and all simple and martial weapons."
			]
		},
		{
			"name": "Martial Role",
			"source": "TCE",
			"page": 146,
			"className": "Warrior Sidekick",
			"classSource": "TCE",
			"level": 1,
			"entries": [
				"{@i 1st-level Warrior feature}",
				"Each warrior focuses on offense or defense in their training. Choose one of the following options:",
				{
					"type": "list",
					"style": "list-hang-notitle",
					"items": [
						{
							"type": "item",
							"name": "Attacker",
							"entry": "The sidekick gains a +2 bonus to all attack rolls."
						},
						{
							"type": "item",
							"name": "Defender",
							"entry": "The sidekick can use its reaction to impose disadvantage on the attack roll of a creature within 5 feet of it whose target isn't the sidekick, provided the sidekick can see the attacker."
						}
					]
				}
			]
		},
		{
			"name": "Sidekick Class",
			"source": "TCE",
			"page": 146,
			"className": "Warrior Sidekick",
			"classSource": "TCE",
			"level": 1,
			"type": "inset",
			"entries": [
				"{@note Note: this class is intended for NPC {@variantrule sidekicks|tce}.}"
			]
		},
		{
			"name": "Second Wind",
			"source": "TCE",
			"page": 146,
			"className": "Warrior Sidekick",
			"classSource": "TCE",
			"level": 2,
			"entries": [
				"{@i 2nd-level Warrior feature}",
				"The sidekick can use a bonus action on its turn to regain hit points equal to {@dice 1d10} + its level in this class. Once it uses this feature, it must finish a short or long rest before it can use it again.",
				"The sidekick can use this feature twice between rests starting at 20th level."
			]
		},
		{
			"name": "Improved Critical",
			"source": "TCE",
			"page": 146,
			"className": "Warrior Sidekick",
			"classSource": "TCE",
			"level": 3,
			"entries": [
				"{@i 3rd-level Warrior feature}",
				"The sidekick's attack rolls score a critical hit on a roll of 19 or 20 on the {@dice d20}."
			]
		},
		{
			"name": "Ability Score Improvement",
			"source": "TCE",
			"page": 146,
			"className": "Warrior Sidekick",
			"classSource": "TCE",
			"level": 4,
			"entries": [
				"{@i 4th-level Warrior feature}",
				"At 4th level and again at 8th, 12th, 14th, 16th, and 19th level, the sidekick increases one ability score of your choice by 2, or the sidekick increases two ability scores of your choice by 1. The sidekick can't increase an ability score above 20 using this feature."
			]
		},
		{
			"name": "Extra Attack",
			"source": "TCE",
			"page": 146,
			"className": "Warrior Sidekick",
			"classSource": "TCE",
			"level": 6,
			"entries": [
				"{@i 6th-level Warrior feature}",
				"The sidekick can attack twice, instead of once, whenever it takes the {@action Attack} action on its turn.",
				"The number of attacks increases to three when the sidekick reaches 15th level.",
				"If the sidekick has the Multiattack action, it can use Extra Attack or Multiattack on a turn, not both."
			]
		},
		{
			"name": "Battle Readiness",
			"source": "TCE",
			"page": 146,
			"className": "Warrior Sidekick",
			"classSource": "TCE",
			"level": 7,
			"entries": [
				"{@i 7th-level Warrior feature}",
				"The sidekick has advantage on initiative rolls."
			]
		},
		{
			"name": "Ability Score Improvement",
			"source": "TCE",
			"page": 146,
			"className": "Warrior Sidekick",
			"classSource": "TCE",
			"level": 8,
			"entries": [
				"{@i 8th-level Warrior feature}",
				"At 4th level and again at 8th, 12th, 14th, 16th, and 19th level, the sidekick increases one ability score of your choice by 2, or the sidekick increases two ability scores of your choice by 1. The sidekick can't increase an ability score above 20 using this feature."
			]
		},
		{
			"name": "Improved Defense",
			"source": "TCE",
			"page": 146,
			"className": "Warrior Sidekick",
			"classSource": "TCE",
			"level": 10,
			"entries": [
				"{@i 10th-level Warrior feature}",
				"The sidekick's Armor Class increases by 1."
			]
		},
		{
			"name": "Indomitable",
			"source": "TCE",
			"page": 146,
			"className": "Warrior Sidekick",
			"classSource": "TCE",
			"level": 11,
			"entries": [
				"{@i 11th-level Warrior feature}",
				"The sidekick can reroll a saving throw that it fails, but it must use the new roll. When it uses this feature, it can't use the feature again until it finishes a long rest.",
				"The sidekick can use this feature twice between long rests starting at 18th level."
			]
		},
		{
			"name": "Ability Score Improvement",
			"source": "TCE",
			"page": 146,
			"className": "Warrior Sidekick",
			"classSource": "TCE",
			"level": 12,
			"entries": [
				"{@i 12th-level Warrior feature}",
				"At 4th level and again at 8th, 12th, 14th, 16th, and 19th level, the sidekick increases one ability score of your choice by 2, or the sidekick increases two ability scores of your choice by 1. The sidekick can't increase an ability score above 20 using this feature."
			]
		},
		{
			"name": "Ability Score Improvement",
			"source": "TCE",
			"page": 146,
			"className": "Warrior Sidekick",
			"classSource": "TCE",
			"level": 14,
			"entries": [
				"{@i 14th-level Warrior feature}",
				"At 4th level and again at 8th, 12th, 14th, 16th, and 19th level, the sidekick increases one ability score of your choice by 2, or the sidekick increases two ability scores of your choice by 1. The sidekick can't increase an ability score above 20 using this feature."
			]
		},
		{
			"name": "Extra Attack Improvement",
			"source": "TCE",
			"page": 146,
			"className": "Warrior Sidekick",
			"classSource": "TCE",
			"level": 15,
			"entries": [
				"{@i 15th-level Warrior feature}",
				"The sidekick can attack twice, instead of once, whenever it takes the {@action Attack} action on its turn.",
				"The number of attacks increases to three when the sidekick reaches 15th level.",
				"If the sidekick has the Multiattack action, it can use Extra Attack or Multiattack on a turn, not both."
			]
		},
		{
			"name": "Ability Score Improvement",
			"source": "TCE",
			"page": 146,
			"className": "Warrior Sidekick",
			"classSource": "TCE",
			"level": 16,
			"entries": [
				"{@i 16th-level Warrior feature}",
				"At 4th level and again at 8th, 12th, 14th, 16th, and 19th level, the sidekick increases one ability score of your choice by 2, or the sidekick increases two ability scores of your choice by 1. The sidekick can't increase an ability score above 20 using this feature."
			]
		},
		{
			"name": "Indomitable Improvement",
			"source": "TCE",
			"page": 146,
			"className": "Warrior Sidekick",
			"classSource": "TCE",
			"level": 18,
			"entries": [
				"{@i 18th-level Warrior feature}",
				"The sidekick can reroll a saving throw that it fails, but it must use the new roll. When it uses this feature, it can't use the feature again until it finishes a long rest.",
				"The sidekick can use this feature twice between long rests starting at 18th level."
			]
		},
		{
			"name": "Ability Score Improvement",
			"source": "TCE",
			"page": 146,
			"className": "Warrior Sidekick",
			"classSource": "TCE",
			"level": 19,
			"entries": [
				"{@i 19th-level Warrior feature}",
				"At 4th level and again at 8th, 12th, 14th, 16th, and 19th level, the sidekick increases one ability score of your choice by 2, or the sidekick increases two ability scores of your choice by 1. The sidekick can't increase an ability score above 20 using this feature."
			]
		},
		{
			"name": "Second Wind Improvement",
			"source": "TCE",
			"page": 146,
			"className": "Warrior Sidekick",
			"classSource": "TCE",
			"level": 20,
			"entries": [
				"{@i 20th-level Warrior feature}",
				"The sidekick can use their Second Wind feature twice between rests."
			]
		}
	]
}
