{
	"data": [
		{
			"type": "section",
			"name": "Restoring Harmony: A Voice in the Wilderness",
			"page": 2,
			"entries": [
				"Welcome to Restoring Harmony, a Dungeons & Dragons adventure series in collaboration with the tasty and colorful world of NERDS.",
				"To run this adventure, you need the fifth edition Basic Rules for D&D, which is available as a free download here. All the magic items and monster stat blocks you need are included at the end of this adventure.",
				"Restoring Harmony is a campaign that's divided into six 1st-level mini adventures for a solo player and one longer adventure for multiple players. Each mini adventure takes approximately 45 minutes to play and the final adventure takes approximately 60\u201390 minutes to play.",
				"The mini adventures can be played in any order, but the final adventure should be played last. Here is a list of all the adventures:",
				{
					"type": "list",
					"items": [
						"{@adventure Adventure 1 The Candy Mountain Caper|NRH-TCMC}",
						"{@adventure Adventure 2 A Voice in the Wilderness|NRH-AVitW}",
						"{@adventure Adventure 3 A Sticky Situation|NRH-ASS}",
						"{@adventure Adventure 4 Circus of Illusions|NRH-CoI}",
						"{@adventure Adventure 5 The Lost Tomb|NRH-TLT}",
						"{@adventure Adventure 6 A Web of Lies|NRH-AWoL}",
						"{@adventure Adventure 7 Adventure Together|NRH-AT}"
					]
				},
				{
					"type": "entries",
					"name": "Story Summary",
					"page": 2,
					"entries": [
						"Ever jealous of the cheery dispositions and colorful deliciousness of the NERDS, Emo the beholder and his hired muscle, Mr. Greystone, have struck a blow against the NERDS' beloved city of Harmony. After years of searching, the nefarious duo have found the sacred Prismatic Well that gives Harmony its vibrant and fabulous colors. Now, with access to the Prismatic Well, Emo and Mr. Greystone have begun to leech the color from the city of Harmony. If they aren't stopped, the city will gradually turn gray, with everything eventually becoming black and white.",
						"To the NERDS, the colors beginning to flicker and drain out of Harmony is an unsettling mystery. What brings the colors to Harmony is an enigma to them. All they can do is hope the power comes back on and restores the vibrancy of Harmony's colors once more. But one group knows what's up, and that group is the Lorekeeper Society\u2014a secret society sworn to protect Harmony. The Lorekeepers know about the power of the Prismatic Well, but its true location is lost even to themselves. However, they have a way to find the well using an ancient artifact known as the Amulet of Harmony, but to activate it they need to find the six Gems of Power. Once activated, the amulet guides whoever controls it to the secret location of the Prismatic Well. But once activated, the amulet also has the power to turn off the well.",
						"The Gems of Power were long ago hidden away for safekeeping in dungeons, forests, and towers. No one in the Lorekeeper Society knows the details of the magical beasts and traps guarding the gems, but our heroic NERDS are more than up to the challenge of restoring Harmony!"
					],
					"id": "001"
				},
				{
					"type": "entries",
					"name": "Solo Play",
					"page": 2,
					"entries": [
						"Due to the solo player nature of the adventures (with the exception of Adventure 7 Adventure Together), the power level of some monsters may be difficult with respect to the level of the character. You may want to present a roleplaying solution (such as making friends with the monster or tricking them) to players who are eager to rush into combat. With any encounter in this or subsequent adventures, feel free to present opportunities for unconventional solutions and alternatives to combat.",
						"You can also adjust the story to be more benevolent in nature, allowing automatic successes on rolls, having monsters become instant friends, or giving your player advantage on all their rolls.",
						{
							"type": "entries",
							"name": "TPK: Total Party Kill",
							"entries": [
								"In solo play, there's always a chance the character can die. In the case of a single adventurer, this death results in the end of play; which isn't optimal for an afternoon of fun! One way to avoid death is to have healing readily available to the adventurer. If they're without healing, have the character find the odd {@item potion of healing} lying in a dusty crate or have them discover a special healing plant on their journey that, if eaten, puts them back to full hit points.",
								"In the case of an untimely death, you can have a helpful NPC (like Mr. Honeycutt) save the day and revive them, or you can have them forego death saving throws and wake up as they're being dragged someplace unpleasant."
							],
							"id": "003"
						}
					],
					"id": "002"
				},
				{
					"type": "entries",
					"name": "Adventure Outline",
					"page": 3,
					"entries": [
						"Here is a quick overview of the adventure:",
						{
							"type": "list",
							"items": [
								"Red the Ranger receives a mysterious message from a \"Mr. Honeycutt\" to meet Elowen Greenleaf at Old Oak Grove. If Red gets there in time, they avoid an ambush.",
								"Elowen tells Red that she's part of a secret society known as the Lorekeepers. They're trying to discover who or what is causing the \"color outages.\" Elowen has a map to find a magic gem that'll help them in their quest.",
								"They travel to Lemondrop Ledges and find the entrance to the temple. But first they must cross a ravine and climb a cliff to get there.",
								"They must then face the Scarlet Sentinel, a living statue that guards the Crimson Gem."
							]
						}
					],
					"id": "004"
				},
				{
					"type": "entries",
					"name": "Beginning Play",
					"page": 3,
					"entries": [
						"Hand the character sheet (see \"Red the Ranger,\" below) to your player and let them familiarize themselves with Red.",
						"All creatures or NPCs that are bolded have stat blocks, which are included at the end of the adventure along with any magic items the characters can earn. Whenever you're both ready, you can start the session."
					],
					"id": "005"
				},
				{
					"type": "section",
					"name": "A Voice in the Wilderness",
					"page": 3,
					"entries": [
						"At the start of this adventure, Red the ranger is in their natural element\u2014exploring the forest. Read the following:",
						{
							"type": "insetReadaloud",
							"page": 3,
							"entries": [
								"You're in the forests on the outskirts of the city of Harmony, investigating what the locals are calling \"color outages\" occurring across the city. The forest is usually filled with lush colors from the plants and wildlife that fill the area, but you've found the strange color outages dulling the city have struck here too\u2014fading the flowers and graying the leaves.",
								"Entrusted with protecting and preserving the forest, you've been searching for natural causes that might be behind the outages, but have had no luck so far determining the source. As you hunt for more clues, a little bird lands next to you with a tiny scrap of parchment in its beak."
							],
							"id": "007"
						},
						"If Red makes a successful DC 12 Wisdom ({@skill Animal Handling}) check, the bird flies over and drops the parchment into their hand and then flies away. If Red holds out their finger as a perch or offers the bird some tasty seeds, they have advantage on the check. If Red opens the note, read:",
						{
							"type": "insetReadaloud",
							"page": 3,
							"entries": [
								"Noble ranger, please help us solve the mystery of the color outages. I've sent my Sapling Scout, Elowen Greenleaf, to wait for you in the Old Oak Grove. She knows who you are and awaits your aid. Make haste, she may already be in danger.",
								{
									"type": "entries",
									"name": "\u2014Mr. Honeycutt",
									"page": 3,
									"entries": [],
									"id": "009"
								}
							],
							"id": "008"
						},
						"Red knows Mr. Honeycutt to be a kindly, soft-spoken librarian at the Harmony Library.",
						"Red also knows where Old Oak Grove is. With a successful DC 12 Intelligence ({@skill Nature}) check, Red remembers how to get there in under 15 minutes and arrives before Elowen is ambushed (see \"Arriving Before the Ambush,\" below). On a failed check, it takes Red 25 minutes to get there and they arrive while Elowen is being ambushed (see \"Arriving During the Ambush,\" below)."
					],
					"id": "006"
				},
				{
					"type": "entries",
					"name": "Arriving Before the Ambush",
					"page": 4,
					"entries": [
						"Red dashes through the forest and finds the Old Oak Grove. As Red enters the grove, read the following:",
						{
							"type": "insetReadaloud",
							"page": 4,
							"entries": [
								"You enter a grove of ancient trees. One in particular you know well, the Old Oak. Its thick, gnarled branches twist up into the sky and birds chirp in its gently creaking boughs. Near the Old Oak, a small sapling with a tiny face looks around as if expecting someone."
							],
							"id": "00b"
						},
						"If Red goes to investigate, the sapling, a young {@creature awakened shrub}, introduces herself as Elowen Greenleaf. She knows all about Red the Ranger and recommended Red to Mr. Honeycutt to help unravel and solve the mystery of the color outages.",
						{
							"type": "entries",
							"name": "Meeting Elowen",
							"page": 4,
							"entries": [
								"Elowen Greenleaf is dressed in a Sapling Scout uniform that includes a green sash with stitched-on badges. She's precocious and eager to earn merit badges by being a helpful member of the forest community\u2014but she's also secretly a member of the Lorekeeper Society.",
								"She tells Red she's involved in a matter of great importance: Mr. Honeycutt has entrusted her with a mission to find the Crimson Gem, one of the six Gems of Power. But there's a problem, and it's why they need the help of a ranger. The gem is guarded by the legendary Scarlet Sentinel, and no one knows how to get past it. All Elowen has to go on is a tattered map."
							],
							"id": "00c"
						},
						{
							"type": "entries",
							"name": "Equipment",
							"page": 4,
							"entries": [
								"Elowen has a pair of binoculars, a compass, a box of Sapling Scout wafers, and a sewing kit."
							],
							"id": "00d"
						},
						{
							"type": "entries",
							"name": "What Elowen Knows",
							"page": 4,
							"entries": [
								"If pressed for more information, Elowen can tell Red the following:",
								{
									"type": "list",
									"items": [
										"Mr. Honeycutt is a kindly man who's the head of the Lorekeeper Society.",
										"The Lorekeeper Society is an ancient and secret group dedicated to the defense of Harmony.",
										"The Crimson Gem has something to do with helping stop the color outages in Harmony.",
										"The Scarlet Sentinel is an ancient statue that the Lorekeeper Society magically enchanted long ago to guard the Crimson Gem. But how to deactivate it has long since been lost.",
										"Some bad guys are also looking for the Crimson Gem and Mr. Honeycutt believes they're the ones responsible for the recent color outages. She doesn't know who they are though.",
										"She has a tattered map (see \"Elowen's Map,\" below) from the Lorekeeper Society library, but she doesn't recognize the location the map refers to."
									]
								},
								"Elowen entreats Red to help her find the Crimson Gem and sweetly offers to embroider a Sapling Scout merit badge for them as a reward."
							],
							"id": "00e"
						},
						{
							"type": "entries",
							"name": "Elowen's Map",
							"page": 4,
							"entries": [
								"If Red agrees to help the Lorekeeper Society, Elowen shows Red the tattered parchment map. The map illustrates the rough location of what could be a cave mouth or doorway.",
								"Red also recognizes the unique shape of the trees depicted on the map as belonging to the lemondrop tree. Red thinks the most likely location is Lemondrop Ledges\u2014a place deep in the wilderness that Red has heard about, but never explored. Some say that, long ago, temples were carved into the cliffs, and Red has often wondered if the rumors were true.",
								"Also, some cryptic glyphs are drawn next to the doorway on the map:",
								"🦊🧤",
								"🕷️🌿",
								"🐱🐾",
								{
									"type": "entries",
									"name": "The Secret of the Glyphs",
									"page": 4,
									"entries": [
										"The glyphs represent the three plants that must be touched in the correct order to open the magic door at the entrance to the temple (see area R1, below). The plants are foxglove, spider plant, and catspaw, respectively."
									],
									"id": "010"
								}
							],
							"id": "00f"
						}
					],
					"id": "00a"
				},
				{
					"type": "entries",
					"name": "Arriving After the Ambush",
					"page": 4,
					"entries": [
						"Red dashes through the forest taking a wrong turn here and there. Finally, as Red nears the grove, read the following:",
						{
							"type": "insetReadaloud",
							"page": 4,
							"entries": [
								"As you enter the Old Oak Grove, you hear a cry of alarm and what sounds like arrows whistling through the air. Near the Old Oak, you see a small sapling with a tiny, {@condition frightened} face flanked by two gnarled thorn bushes that look threatening."
							],
							"id": "012"
						},
						"A successful DC 10 Intelligence ({@skill Nature}) check reveals that the thorn bushes are two {@creature twig blight||twig blights}, while the {@condition frightened} sapling wearing a green sash with stitched-on badges is an {@creature awakened shrub}, Elowen Greenleaf.",
						"Red can deal with the twig blights in a number of ways. Trying to intimidate or persuade them is difficult and Red must make a successful DC 15 Charisma ({@skill Intimidation} or {@skill Persuasion}) check to change their minds.",
						"The {@creature twig blight||twig blights} have orders from the shadowy Mr. Greystone to find the Scarlet Sentinel and retrieve the Crimson Gem. For what purpose, they don't know, but what they do know is that bringing Elowen Greenleaf back to their master is a good first step to finding the gem.",
						"Should all go successfully, after the conflict, have Red and Elowen meet (see \"Meeting Elowen,\" above)."
					],
					"id": "011"
				},
				{
					"type": "entries",
					"name": "Journey to Lemondrop Ledges",
					"page": 5,
					"entries": [
						"If Red chooses to help Elowen, they set off for Lemondrop Ledges, which is a two-hour hike from the Old Oak Grove. As they travel, Red notices the color outages extend into the wilderness. Even the animals are noticeably duller, and some are now just tones of gray. Red also notices a {@creature chimeric fox|NRH-AVitW} that seems to be following them. The fox is inquisitive and maybe even a bit nosey, but it's skittish and isn't fond of loud noises. If Red is kind to the fox, it tags along for the rest of the adventure and helps the party as best it can\u2014by barking if there's danger or by distracting a dangerous foe.",
						"This is also a good place to have Red discover some healing plants that Red (or Elowen) can brew into a {@item potion of healing}. Finding the healing plants requires a successful DC 14 Intelligence ({@skill Nature}) check, or you can have Red automatically find the plants and brew the potion.",
						{
							"type": "entries",
							"name": "Finding the Ledges",
							"page": 5,
							"entries": [
								"To find Lemondrop Ledges, Red must succeed on three consecutive DC 12 Wisdom ({@skill Survival}) checks. If Red uses Elowen's map, they have advantage on the checks. If a check fails, Elowen can assist by rolling herself, but as she hasn't completed her Sapling Scout orienteering course yet, she doesn't have advantage on her roll."
							],
							"id": "014"
						},
						{
							"type": "entries",
							"name": "Arriving at the Ledges",
							"page": 5,
							"entries": [
								"Eventually, they begin to smell the scent of fresh lemons as they reach the top of a bluff covered by lemondrop trees. Sheer cliffs fall 100 feet from the bluff into the ravine below.",
								{
									"type": "inset",
									"name": "Lemondrop Trees",
									"page": 5,
									"entries": [
										"These deciduous fruiting trees have silvery bark, distinctive spiky, green leaves, and clusters of small, lemon-sweet fruit. Birds, bees, and other forest animals love these fruits as it gives them a boost of energy. Eating three or more fruits grants Red the benefits of an enhance ability (bear's endurance) spell (no concentration required)."
									],
									"id": "016"
								}
							],
							"id": "015"
						},
						{
							"type": "entries",
							"name": "Finding the Entrance",
							"page": 5,
							"entries": [
								"The entrance to the Temple of the Scarlet Sentinel is in the cliff face across the ravine from Lemondrop Ledges and requires a successful DC 14 Wisdom ({@skill Perception}) check to spot. If Elowen or Red remember to use the binoculars Elowen has in her Sapling Scout pack, they have advantage on the check. If the check fails, they still find the entrance, but two twig blights sneak up on them and attack while they're busy looking for it.",
								"Getting to the entrance means climbing down the 100-foot cliff into the ravine, crossing the ravine, then climbing halfway up the other side. However, to the north, a precarious-looking rope bridge crosses the ravine, should the adventurers choose that path."
							],
							"id": "017"
						},
						{
							"type": "entries",
							"name": "Scaling the Cliffs",
							"page": 5,
							"entries": [
								"Whether Red is climbing up the cliff or rappelling down it, they must make a DC 12 Strength ({@skill Athletics}) check for every 15 feet of movement (rounded up). Using climbing gear or anchoring themselves to a tree with a rope gives them advantage on the check. If the check fails, and the character isn't anchored to a tree by a rope, any falling character takes 3 ({@damage 1d6}) bludgeoning damage for every 10 feet fall.",
								"Crossing the base of the ravine poses no difficulty to Red."
							],
							"id": "018"
						},
						{
							"type": "entries",
							"name": "Rope Bridge",
							"page": 6,
							"entries": [
								"The 250-foot-long rope bridge has wood planks to walk on. Some of the planks are missing or look worse for wear. Some frayed suspension ropes dangle from the main lines where the wood planks have given way. Overall, the bridge looks worn and weather-beaten, but feels as if it'll still take some weight.",
								{
									"type": "inset",
									"name": "Fun with Rope Bridges!",
									"page": 6,
									"entries": [
										"A rope bridge is a great place to throw in some peril for your player to deal with. You can have a horde of needle blights chase them so they have to cross the bridge, or you can have needle blights harass them as they're halfway across. Feel free to invent fun complications for your player as they navigate across it\u2014nothing creates more tension than the rope bridge being sawed through as your heroes run for their lives, or when the heroes must cut the ropes as a bunch of needle blights scramble across after them!"
									],
									"id": "01a"
								}
							],
							"id": "019"
						}
					],
					"id": "013"
				},
				{
					"type": "entries",
					"name": "Temple of the Scarlet Sentinel",
					"page": 6,
					"entries": [
						"The Temple of the Scarlet Sentinel was carved into the cliff long ago as a secret place to house and guard the Crimson Gem.",
						"The following locations are keyed to the Temple of the Scarlet Sentinel map:",
						{
							"type": "image",
							"href": {
								"type": "internal",
								"path": "adventure/NRH-AVitW/004.webp"
							},
							"width": 1330,
							"height": 1330,
							"mapRegions": [
								{
									"area": "020",
									"points": [
										[
											469,
											443
										],
										[
											481,
											392
										],
										[
											497,
											356
										],
										[
											519,
											322
										],
										[
											551,
											293
										],
										[
											595,
											268
										],
										[
											629,
											258
										],
										[
											671,
											257
										],
										[
											711,
											265
										],
										[
											752,
											280
										],
										[
											777,
											301
										],
										[
											806,
											324
										],
										[
											830,
											363
										],
										[
											848,
											394
										],
										[
											854,
											441
										],
										[
											851,
											489
										],
										[
											835,
											535
										],
										[
											813,
											574
										],
										[
											771,
											616
										],
										[
											725,
											638
										],
										[
											682,
											649
										],
										[
											640,
											648
										],
										[
											602,
											641
										],
										[
											552,
											611
										],
										[
											512,
											573
										],
										[
											486,
											538
										],
										[
											470,
											493
										]
									]
								},
								{
									"area": "01e",
									"points": [
										[
											631,
											715
										],
										[
											590,
											705
										],
										[
											539,
											685
										],
										[
											490,
											650
										],
										[
											455,
											611
										],
										[
											437,
											584
										],
										[
											415,
											544
										],
										[
											405,
											481
										],
										[
											403,
											440
										],
										[
											413,
											377
										],
										[
											432,
											337
										],
										[
											456,
											292
										],
										[
											482,
											263
										],
										[
											535,
											225
										],
										[
											584,
											208
										],
										[
											637,
											196
										],
										[
											680,
											192
										],
										[
											733,
											199
										],
										[
											784,
											222
										],
										[
											828,
											249
										],
										[
											875,
											294
										],
										[
											901,
											334
										],
										[
											919,
											381
										],
										[
											929,
											429
										],
										[
											924,
											489
										],
										[
											914,
											546
										],
										[
											882,
											606
										],
										[
											839,
											652
										],
										[
											791,
											683
										],
										[
											754,
											706
										],
										[
											696,
											720
										],
										[
											696,
											651
										],
										[
											739,
											638
										],
										[
											789,
											603
										],
										[
											823,
											569
										],
										[
											848,
											521
										],
										[
											859,
											481
										],
										[
											859,
											431
										],
										[
											855,
											394
										],
										[
											840,
											364
										],
										[
											816,
											328
										],
										[
											783,
											295
										],
										[
											757,
											272
										],
										[
											710,
											256
										],
										[
											671,
											250
										],
										[
											631,
											252
										],
										[
											591,
											265
										],
										[
											554,
											284
										],
										[
											512,
											318
										],
										[
											490,
											357
										],
										[
											470,
											409
										],
										[
											465,
											436
										],
										[
											466,
											474
										],
										[
											472,
											515
										],
										[
											488,
											549
										],
										[
											522,
											594
										],
										[
											566,
											629
										],
										[
											599,
											648
										],
										[
											631,
											653
										]
									]
								},
								{
									"area": "01e",
									"points": [
										[
											631,
											655
										],
										[
											631,
											1107
										],
										[
											696,
											1107
										],
										[
											696,
											655
										]
									]
								},
								{
									"area": "01c",
									"points": [
										[
											194,
											1137
										],
										[
											250,
											1131
										],
										[
											314,
											1130
										],
										[
											357,
											1112
										],
										[
											406,
											1111
										],
										[
											455,
											1104
										],
										[
											507,
											1108
										],
										[
											561,
											1124
										],
										[
											625,
											1125
										],
										[
											663,
											1132
										],
										[
											688,
											1130
										],
										[
											703,
											1121
										],
										[
											759,
											1120
										],
										[
											797,
											1118
										],
										[
											835,
											1108
										],
										[
											882,
											1112
										],
										[
											920,
											1121
										],
										[
											968,
											1134
										],
										[
											1034,
											1133
										],
										[
											1094,
											1125
										],
										[
											1138,
											1114
										],
										[
											1106,
											1144
										],
										[
											1064,
											1163
										],
										[
											1026,
											1178
										],
										[
											969,
											1185
										],
										[
											931,
											1181
										],
										[
											890,
											1179
										],
										[
											842,
											1205
										],
										[
											783,
											1205
										],
										[
											702,
											1217
										],
										[
											622,
											1218
										],
										[
											560,
											1205
										],
										[
											524,
											1185
										],
										[
											469,
											1184
										],
										[
											402,
											1195
										],
										[
											363,
											1195
										],
										[
											310,
											1181
										],
										[
											244,
											1179
										],
										[
											211,
											1152
										]
									]
								}
							],
							"imageType": "map",
							"grid": {
								"type": "square",
								"size": 70,
								"distance": 10
							},
							"hrefThumbnail": {
								"type": "internal",
								"path": "adventure/NRH-AVitW/thumbnail/004.webp"
							},
							"id": "025",
							"credit": "Red Central"
						},
						{
							"type": "entries",
							"name": "R1. Cliff Ledge Entrance",
							"page": 6,
							"entries": [
								"Whichever way Red gets to the entrance, they finally arrive at a thin ledge on the cliff face 50 feet off the ground. The doorway to the temple is a bas-relief archway carved into the cliff. The bas-relief comprises leaves, flowers, and plants of all different varieties.",
								{
									"type": "entries",
									"name": "Opening the Door",
									"page": 6,
									"entries": [
										"If Red makes a successful DC 12 Intelligence ({@skill Nature}) check, they find carved into the door the same three species of plant depicted on the map: foxglove, spider plant, and catspaw.",
										"Pressing them in that order triggers the door's magic. Glowing lines emerge around the archway as a seam forms in the solid stone, then stone grinds on stone as the door swings open.",
										"If the player struggles to solve the puzzle, have Elowen give Red a vital clue that puts them on the right track."
									],
									"id": "01d"
								}
							],
							"id": "01c"
						},
						{
							"type": "entries",
							"name": "R2. Passageway",
							"page": 6,
							"entries": [
								"When Red enters the passageway, read the following:",
								{
									"type": "insetReadaloud",
									"page": 6,
									"entries": [
										"The air smells dank and stale as you look into a dark tunnel that leads into the cliff. Colorful pictograms on the either side of the tunnel show a variety of scenes: happy NERDS frolicking beside a well from which a rainbow of colors pours forth; the city of Harmony being built; an amulet that has six colorful gemstones in it; and a scene of a great library being built."
									],
									"id": "01f"
								},
								"Coming from a room at the far end of the tunnel, Red can see a faint, reddish glow."
							],
							"id": "01e"
						},
						{
							"type": "entries",
							"name": "R3. Chamber of the Sentinel",
							"page": 6,
							"entries": [
								"As Red approaches the entrance to this circular, 75-foot-diameter room with a 20-foot-high domed ceiling, read the following:",
								{
									"type": "insetReadaloud",
									"page": 6,
									"entries": [
										"In the center of the room, you see a faintly glowing red gemstone hovering above a 12-foot-tall statue of a warrior that sits atop a stone dais. The gemstone's glow dimly lights the room. On the floor, a large red circle etched with strange sigils surrounds the statue and extends across most of the room, leaving only a 5-foot wide path around the edge of the circular chamber. As if sensing your presence, the statue's eyes snap open and glow red."
									],
									"id": "021"
								},
								"On a raised dais in the center of the room stands the Scarlet Sentinel. It's made from blood onyx and depicts a strange, humanlike creature with elongated arms and fangs that jut from its wide mouth. Any creature that moves into the red circle painted on the floor, even if they cross the boundary without touching the floor, activates the sentinel, which instantly attacks the nearest living thing. As soon as there's nothing alive within the circle, the sentinel returns to the dais and goes dormant\u2014except for its ominously glowing eyes.",
								{
									"type": "entries",
									"name": "Getting the Gem",
									"page": 6,
									"entries": [
										"The gem is magically levitating 17 feet off the ground (5 feet above the sentinel's head). There are many ways Red can go about getting the gem. Here are two methods:",
										{
											"type": "list",
											"items": [
												"Red can shoot the hovering gem with an arrow to knock it beyond the red circle. The gem has AC 18, 3 hit points, and immunity to poison and psychic damage. Red must put a pad over the arrow tip, otherwise Red risks shattering the gem. If Red hits the gem with a regular arrow, have the player roll damage. If Red deals the gem 4 or more damage, then the gem breaks and Elowen howls in despair. The gem can ultimately be fixed if the pieces are taken back to {@creature Mr. Honeycutt|NRH-TCMC}, but he panics when he first sees the gem, before remembering he knows a wizard who can help him restore it. Hitting the gem with a padded arrow knocks the gem toward the edge. Have the player roll a {@dice d6}. On a 1\u20134 the gem flies outside the red circle, on a 5 or 6, the gem falls inside the circle where Red can hit it again.",
												"Red and Elowen can work together with one of them luring the sentinel away while the other grabs the gem with a net or a long pole. This requires quick and flawless execution as one hit from the sentinel can spell certain death."
											]
										}
									],
									"id": "022"
								}
							],
							"id": "020"
						}
					],
					"id": "01b"
				},
				{
					"type": "entries",
					"name": "Completing the Mission",
					"page": 7,
					"entries": [
						"If all goes well, Elowen and Red get the gem and head back toward Harmony, where Elowen excitedly wants to introduce her new hero Red to Mr. Honeycutt. You can have them meet in the Old Oak Grove or in a tavern or library within Harmony.",
						"Mr. Honeycutt is overjoyed at the return of the Crimson Gem (unless it's in pieces) and wants to know everything about the adventure while he scribbles copious notes in his black notebook.",
						"For their troubles, he awards Elowen with a shiny badge of merit for outstanding service and promotes her to Sapling Scout First Class. To Red, he gives a pouch containing 20 gp and invites Red to join the Lorekeeper Society. If Red accepts, Mr. Honeycutt gives Red a magic cloak pin with the emblem of the Lorekeeper Society on it. The Lorekeeper pin acts as a {@item necklace of adaptation}.",
						"Elowen also gives Red a newly stitched merit badge for acts of heroism and bravery."
					],
					"id": "023"
				},
				{
					"type": "section",
					"name": "Magic Items",
					"page": 7,
					"entries": [
						"The following magic items appear in this adventure.",
						{
							"type": "list",
							"items": [
								"{@item Necklace of Adaptation}"
							]
						}
					],
					"id": "024"
				},
				{
					"type": "image",
					"href": {
						"type": "internal",
						"path": "adventure/NRH-AVitW/sheet003.webp"
					},
					"width": 1275,
					"height": 825
				},
				{
					"type": "image",
					"href": {
						"type": "internal",
						"path": "adventure/NRH-AVitW/sheet004.webp"
					},
					"width": 1275,
					"height": 825
				}
			],
			"id": "000"
		},
		{
			"type": "section",
			"name": "Credits",
			"entries": [
				{
					"type": "entries",
					"entries": [
						{
							"type": "list",
							"style": "list-hang-notitle",
							"columns": 2,
							"items": [
								{
									"type": "entries",
									"name": "Dungeons & Dragons Team:",
									"entries": [
										{
											"type": "list",
											"style": "list-hang-notitle",
											"items": [
												{
													"type": "item",
													"name": "Adventure Design",
													"entries": [
														"Kat Kruger, Adam Lee"
													]
												},
												{
													"type": "item",
													"name": "Additional Development",
													"entries": [
														"Bill Benham"
													]
												},
												{
													"type": "item",
													"name": "Character Design",
													"entries": [
														"Chris Tulach"
													]
												},
												{
													"type": "item",
													"name": "Graphic Design",
													"entries": [
														"Emma Ekblad"
													]
												},
												{
													"type": "item",
													"name": "Editors",
													"entries": [
														"Ashley Michaela Lawson, Hannah Rose"
													]
												},
												{
													"type": "item",
													"name": "Creator Manager",
													"entries": [
														"Pelham Greene"
													]
												},
												{
													"type": "item",
													"name": "Illustrations",
													"entries": [
														"Red Central"
													]
												},
												{
													"type": "item",
													"name": "Producer",
													"entries": [
														"Bill Benham"
													]
												},
												{
													"type": "item",
													"name": "Brand Manager",
													"entries": [
														"Shelly Mazzanoble"
													]
												},
												{
													"type": "item",
													"name": "Director of Category Licensing",
													"entries": [
														"Ann Earp"
													]
												}
											]
										}
									]
								},
								{
									"type": "entries",
									"name": "Ferrara Team:",
									"entries": [
										{
											"type": "list",
											"style": "list-hang-notitle",
											"items": [
												{
													"type": "item",
													"name": "Sr. Associate Brand Manager, NERDS:",
													"entries": [
														"Lukas Krause"
													]
												},
												{
													"type": "item",
													"name": "Content Manager, NERDS:",
													"entries": [
														"Annie Belgrade"
													]
												},
												{
													"type": "item",
													"name": "Brand Manager, NERDS:",
													"entries": [
														"Joey Rath"
													]
												},
												{
													"type": "item",
													"name": "Director of Licensing & Partnerships, Ferrara Candy Co.",
													"entries": [
														"Amy Pagels"
													]
												}
											]
										}
									]
								},
								{
									"type": "entries",
									"name": "Tripleclix Team:",
									"entries": [
										{
											"type": "list",
											"style": "list-hang-notitle",
											"items": [
												{
													"type": "item",
													"name": "Managing Partner",
													"entries": [
														"Jennifer Erb"
													]
												},
												{
													"type": "item",
													"name": "Founder, Managing Partner",
													"entries": [
														"Christopher Erb"
													]
												},
												{
													"type": "item",
													"name": "VP, Head of Partnership Marketing",
													"entries": [
														"Kenneth Lindenbaum"
													]
												},
												{
													"type": "item",
													"name": "Additional Support",
													"entries": [
														"VMLY&R Commerce, Taxi, Pep, and Golin"
													]
												}
											]
										}
									]
								}
							]
						}
					]
				}
			]
		}
	]
}
