{
	"data": [
		{
			"type": "section",
			"name": "Restoring Harmony: A Sticky Situation",
			"page": 2,
			"entries": [
				"Welcome to Restoring Harmony, a Dungeons & Dragons adventure series in collaboration with the tasty and colorful world of NERDS.",
				"To run this adventure, you need the fifth edition Basic Rules for D&D, which is available as a free download here. All the magic items and monster stat blocks you need are included at the end of this adventure.",
				"Restoring Harmony is a campaign that's divided into six 1st-level mini adventures for a solo player and one longer adventure for multiple players. Each mini adventure takes approximately 45 minutes to play and the final adventure takes approximately 60\u201390 minutes to play.",
				"The mini adventures can be played in any order, but the final adventure should be played last. Here is a list of all the adventures:",
				{
					"type": "list",
					"items": [
						"{@adventure Adventure 1 The Candy Mountain Caper|NRH-TCMC}",
						"{@adventure Adventure 2 A Voice in the Wilderness|NRH-AVitW}",
						"{@adventure Adventure 3 A Sticky Situation|NRH-ASS}",
						"{@adventure Adventure 4 Circus of Illusions|NRH-CoI}",
						"{@adventure Adventure 5 The Lost Tomb|NRH-TLT}",
						"{@adventure Adventure 6 A Web of Lies|NRH-AWoL}",
						"{@adventure Adventure 7 Adventure Together|NRH-AT}"
					]
				},
				{
					"type": "entries",
					"name": "Story Summary",
					"page": 2,
					"entries": [
						"Ever jealous of the cheery dispositions and colorful deliciousness of the NERDS, Emo the beholder and his hired muscle, Mr. Greystone, have struck a blow against the NERDS' beloved city of Harmony. After years of searching, the nefarious duo have found the sacred Prismatic Well that gives Harmony its vibrant and fabulous colors. Now, with access to the Prismatic Well, Emo and Mr. Greystone have begun to leech the color from the city of Harmony. If they aren't stopped, the city will gradually turn gray, with everything eventually becoming black and white.",
						"To the NERDS, the colors beginning to flicker and drain out of Harmony is an unsettling mystery. What brings the colors to Harmony is an enigma to them. All they can do is hope the power comes back on and restores the vibrancy of Harmony's colors once more.",
						"But one group knows what's up, and that group is the Lorekeeper Society\u2014a secret society sworn to protect Harmony. The Lorekeepers know about the power of the Prismatic Well, but its true location is lost even to themselves. However, they have a way to find the well using an ancient artifact known as the Amulet of Harmony, but to activate it they need to find the six Gems of Power. Once activated, the amulet guides whoever controls it to the secret location of the Prismatic Well. But once activated, the amulet also has the power to turn off the well.",
						"The Gems of Power were long ago hidden away for safekeeping in dungeons, forests, and towers. No one in the Lorekeeper Society knows the details of the magical beasts and traps guarding the gems, but our heroic NERDS are more than up to the challenge of restoring Harmony!"
					],
					"id": "001"
				},
				{
					"type": "entries",
					"name": "Solo Play",
					"page": 2,
					"entries": [
						"Due to the solo player nature of the adventures (with the exception of Adventure 7 Adventure Together), the power level of some monsters may be difficult with respect to the level of the character. You may want to present a roleplaying solution (such as making friends with the monster or tricking them) to players who are eager to rush into combat. With any encounter in this or subsequent adventures, feel free to present opportunities for unconventional solutions and alternatives to combat.",
						"You can also adjust the story to be more benevolent in nature, allowing automatic successes on rolls, having monsters become instant friends, or giving your player advantage on all their rolls.",
						{
							"type": "entries",
							"name": "TPK: Total Party Kill",
							"page": 3,
							"entries": [
								"In solo play, there's always a chance the character can die. In the case of a single adventurer, this death results in the end of play; which isn't optimal for an afternoon of fun! One way to avoid death is to have healing readily available to the adventurer. If they're without healing, have the character find the odd {@item potion of healing} lying in a dusty crate or have them discover a special healing plant on their journey that, if eaten, puts them back to full hit points.",
								"In the case of an untimely death, you can have a helpful NPC (like Mr. Honeycutt) save the day and revive them, or you can have them forego death saving throws and wake up as they're being dragged someplace unpleasant."
							],
							"id": "003"
						}
					],
					"id": "002"
				},
				{
					"type": "entries",
					"name": "Adventure Outline",
					"page": 3,
					"entries": [
						"Here is a quick overview of the adventure:",
						{
							"type": "list",
							"items": [
								"Orange the Fighter gets jumped in his martial arts school by a couple of goons who've been sent to take him out.",
								"After the fight, Orange meets Mr. Honeycutt, the Magister of the Lorekeeper Society. Mr. Honeycutt asks Orange to find the Peach Gem located in a ruined mausoleum.",
								"Orange goes to the mausoleum and must defeat a gelatinous cube which has engulfed the gem into its acidic body.",
								"Orange returns to Mr. Honeycutt with the gem."
							]
						}
					],
					"id": "004"
				},
				{
					"type": "entries",
					"name": "Beginning Play",
					"page": 3,
					"entries": [
						"Hand the character sheet (see \"Orange the Fighter,\" below) to your player and let them familiarize themselves with Orange.",
						"All creatures or NPCs that are bolded have stat blocks, which are included at the end of the adventure along with any magic items the characters can earn.",
						"Whenever you're both ready, you can start the session."
					],
					"id": "005"
				},
				{
					"type": "section",
					"name": "A Sticky Situation",
					"page": 3,
					"entries": [
						"Begin play in the sparring room of the Critical Strike Combat School where Orange is exercising and practicing various skills with the sword. In the training room, Orange has access to one energy drink which acts as a {@item potion of healing}.",
						"When everyone's ready, read the following:",
						{
							"type": "insetReadaloud",
							"page": 3,
							"entries": [
								"You're at the gym early in the morning before the students arrive, getting in an hour of training when two tough-looking goons swagger into the room. One locks the door behind them as the other sneers at you. They have swords, and you can tell instantly that they aren't blunted for training.",
								"\"Time for a little candy-coated nap!\" one goon says with a gap-toothed grin."
							],
							"id": "007"
						},
						"The two {@creature goon|NRH-ASS|goons} begin swaggering up to Orange, ready for a fight. They've been sent by Mr. Graystone to capture or kill Orange. Emo the Beholder has seen how Mr. Honeycutt is recruiting all the heroes in Harmony to look for the Gems of Power, and they want to put an end to Honeycutt's chances of foiling their master plan.",
						"Orange can try intimidating the two toughs, but it'll be difficult as they're fairly determined to carry out their grim task. To intimidate them, Orange must make a successful DC 15 Charisma ({@skill Intimidation}) check followed by a successful DC 15 Strength ({@skill Athletics}) check to show just how powerful they are. If both checks succeed, the goons run off, leaving their swords behind.",
						"If Orange takes the goons alive, they won't talk or reveal who sent them unless Orange makes a successful DC 15 Charisma ({@skill Intimidation}) check. If Orange gets them to talk, they explain they were hired to kill Orange by a huge, shadowy man who wore a gray overcoat and spoke in an icy whisper.",
						"If Orange gets into trouble during the fight with the goons, have a warrior from the Lorekeeper Society (a {@creature guard}) who's a former student of Orange's kick down the door and come to the rescue.",
						"If Orange gets knocked out by dropping to 0 hit points, they wake up to find Mr. Honeycutt looking over them.",
						{
							"type": "entries",
							"name": "Meeting Mr. Honeycutt",
							"page": 4,
							"entries": [
								"If Orange defeats the goons, {@creature Mr. Honeycutt|NRH-TCMC} arrives just after, hoping to warn Orange of the impending fight.",
								"If the goons defeat Orange, Mr. Honeycutt arrives just in time to drive them off and resuscitate Orange. Either way, Mr. Honeycutt introduces himself as the leader of the secret Lorekeeper Society\u2014the ancestral guardians of Harmony. He believes nefarious forces are at work, attempting to steal the color from Harmony and use it for their own gain, robbing the color from the world as they do so. To save Harmony, Mr. Honeycutt first needs to collect six Gems of Power, and he hopes Orange can help him get the Peach Gem.",
								{
									"type": "entries",
									"name": "The Mission",
									"page": 4,
									"entries": [
										"After much research, Mr. Honeycutt says he's finally ascertained where the Peach Gem is: it's hidden in a ruined mausoleum notorious for monster activity. He needs a fighter like Orange to go into the mausoleum, return the gem to the Lorekeeper Society, and help him solve the mystery of the color outages.",
										"If Orange agrees to help, Mr. Honeycutt offers a reward of 20 gp for the return of the gem. He also gives Orange a {@item necklace of fireballs} with one bead remaining. As he gives the item to Orange, Mr. Honeycutt says, \"I hope you never have to use this.\""
									],
									"id": "009"
								}
							],
							"id": "008"
						}
					],
					"id": "006"
				},
				{
					"type": "section",
					"name": "Ruined Mausoleum",
					"page": 4,
					"entries": [
						"Deep in the forest outside of Harmony lie the ruins of a mausoleum. When Orange arrives read the following:",
						{
							"type": "insetReadaloud",
							"page": 4,
							"entries": [
								"You see a crumbling building being reclaimed by the forest. Stone walls poke through the vegetation and the courtyard's flagstones are covered with leaves and broken by tree roots.",
								"Oddly, the birds don't sing here which makes the area unnaturally quiet."
							],
							"id": "00b"
						},
						"The entrance (area M1) can be found with a quick search inside the collapsed walls of the mausoleum. Sweeping aside a thick covering of vines, Orange finds an iron-barred gate with an old, rusted padlock. Breaking the padlock requires a successful DC 12 Strength check. If Orange has a tool, like a crowbar, or uses a creative way to open the padlock, they have advantage on the check.",
						"All the doors in the mausoleum are made of rotting wood. They have AC 10, 8 hit points, and immunity to poison and psychic damage.",
						{
							"type": "entries",
							"name": "Exploring the Mausoleum",
							"page": 4,
							"entries": [
								"The following locations are keyed to the Ruined Mausoleum map:",
								{
									"type": "image",
									"href": {
										"type": "internal",
										"path": "adventure/NRH-ASS/006.webp"
									},
									"width": 630,
									"height": 1042,
									"grid": {
										"type": "square",
										"size": 70,
										"offsetY": -25,
										"distance": 10
									},
									"mapRegions": [
										{
											"area": "017",
											"points": [
												[
													142,
													187
												],
												[
													142,
													253
												],
												[
													246,
													253
												],
												[
													246,
													187
												]
											]
										},
										{
											"area": "019",
											"points": [
												[
													490,
													187
												],
												[
													490,
													256
												],
												[
													386,
													256
												],
												[
													386,
													187
												]
											]
										},
										{
											"area": "015",
											"points": [
												[
													246,
													325
												],
												[
													246,
													394
												],
												[
													142,
													394
												],
												[
													142,
													325
												]
											]
										},
										{
											"area": "01f",
											"points": [
												[
													488,
													328
												],
												[
													488,
													396
												],
												[
													385,
													396
												],
												[
													385,
													328
												]
											]
										},
										{
											"area": "011",
											"points": [
												[
													252,
													253
												],
												[
													252,
													189
												],
												[
													379,
													189
												],
												[
													379,
													257
												],
												[
													349,
													257
												],
												[
													349,
													326
												],
												[
													378,
													326
												],
												[
													378,
													397
												],
												[
													252,
													397
												],
												[
													252,
													326
												],
												[
													281,
													326
												],
												[
													281,
													253
												]
											]
										},
										{
											"area": "00d",
											"points": [
												[
													282,
													471
												],
												[
													282,
													836
												],
												[
													349,
													836
												],
												[
													349,
													471
												]
											]
										}
									],
									"imageType": "map",
									"hrefThumbnail": {
										"type": "internal",
										"path": "adventure/NRH-ASS/thumbnail/006.webp"
									},
									"id": "023",
									"credit": "Red Central"
								}
							],
							"id": "00c"
						},
						{
							"type": "entries",
							"name": "M1. Entrance",
							"page": 4,
							"entries": [
								"When Orange opens the gate, read the following.",
								{
									"type": "insetReadaloud",
									"page": 4,
									"entries": [
										"You see a stone staircase descending down into darkness. Thin root tendrils hang from the ceiling and the moss-covered walls glisten and drip."
									],
									"id": "00e"
								},
								"The staircase leads down to a corridor that ends in a rotting wood door which can be easily opened or broken down. However, lurking on the ceiling of this corridor is a {@creature gray ooze}.",
								{
									"type": "entries",
									"entries": [
										{
											"type": "entries",
											"name": "Monster Tactics",
											"page": 4,
											"entries": [
												"The gray ooze uses its False Appearance trait to blend in with the tunnel's wet stone walls. When a creature approaches within 60 feet of the gray ooze, it senses its next snack and either waits for its target to come within reach of a pseudopod or begins a slow pursuit.",
												"Defeating the gray ooze isn't essential to move on, but its ability to corrode metal provides a taste of what's to come deeper in the mausoleum. This encounter is an opportunity for Orange to learn about Oozes firsthand and to devise tactics against them."
											],
											"id": "010"
										}
									],
									"id": "00f"
								}
							],
							"id": "00d"
						},
						{
							"type": "entries",
							"name": "M2. Mausoleum",
							"page": 4,
							"entries": [
								"When Orange steps into this area, read the following:",
								{
									"type": "insetReadaloud",
									"page": 4,
									"entries": [
										"The walls are covered with trails of slime, some of which drips on the floor and forms slick pools. Four alcoves, each with a rotted wood door, line the corridor."
									],
									"id": "012"
								},
								{
									"type": "entries",
									"entries": [
										{
											"type": "entries",
											"name": "Dimensions and Terrain",
											"page": 4,
											"entries": [
												"Each tomb (A\u2013D) is a 10-foot-wide, 15-foot-long room with a stone sarcophagus at the far end. Due to the slippery nature of the slime, the floors are considered {@quickref difficult terrain||3}."
											],
											"id": "014"
										}
									],
									"id": "013"
								},
								{
									"type": "entries",
									"name": "Tomb A",
									"page": 5,
									"entries": [
										"If Orange listens at the door to this tomb before opening it, they hear tapping or clacking sounds. Opening the door reveals two {@creature skeleton||skeletons} repeatedly bumping into each other. When the door opens, they attack.",
										"If Orange's weapons have rusted due to the encounter with the gray ooze, the fighter can loot the skeletons' shortswords.",
										{
											"type": "entries",
											"name": "Sarcophagus Inscription",
											"page": 5,
											"entries": [
												"The inscription reads: \"Two warriors, so great was their love, they were buried together.\""
											],
											"id": "016"
										}
									],
									"id": "015"
								},
								{
									"type": "entries",
									"name": "Tomb B",
									"page": 5,
									"entries": [
										"If Orange opens this tomb, they find a skeleton surrounded by hard candies in wax paper wrappers. The skeleton has a parchment closed with a wax seal clutched in its hand. On the parchment is the long-lost recipe for Professor Fizzwidget's famous tart and tangy candies.",
										{
											"type": "entries",
											"name": "Sarcophagus Inscription",
											"page": 5,
											"entries": [
												"The inscription reads: \"Here lies Professor Fizzwidget, inventor of sweet candy treats for all of Harmony.\""
											],
											"id": "018"
										}
									],
									"id": "017"
								},
								{
									"type": "entries",
									"name": "Tomb C",
									"page": 5,
									"entries": [
										"When Orange opens the door to this tomb, read:",
										{
											"type": "insetReadaloud",
											"page": 5,
											"entries": [
												"Hovering in the middle of the tunnel is an assortment of trinkets, equipment, and bones. An odd, shimmering surface reveals a gelatinous form filling the passageway wall-to-wall."
											],
											"id": "01a"
										},
										"Orange has discovered a {@creature gelatinous cube} that's behaving oddly!",
										{
											"type": "entries",
											"name": "Encounter Adjustments",
											"page": 5,
											"entries": [
												"The gelatinous cube is weakened from its attempts to digest the Peach Gem and a magic sword, both of which it has engulfed. When Orange discovers the {@creature gelatinous cube}, it only has 40 hit points remaining and it doesn't have its Transparent trait."
											],
											"id": "01b"
										},
										{
											"type": "entries",
											"name": "Defeating the Cube",
											"page": 5,
											"entries": [
												"Even in its weakened stat, a gelatinous cube is no easy task. Hopefully, Orange uses the last bead of the necklace of fireballs to finish off the cube. If that doesn't work, have {@creature Mr. Honeycutt|NRH-TCMC} arrive with four {@creature guard||guards} to help Orange defeat the cube. Have the cube attack the guards first before attacking Mr. Honeycutt or Orange."
											],
											"id": "01c"
										},
										{
											"type": "entries",
											"name": "Monster Tactics",
											"page": 5,
											"entries": [
												"The gelatinous cube is a floor-toceiling blob. Due to its digestive issues, this one is a sickly green. Regardless, its pseudopods sweep out in search of more things to digest, slow-moving like a street sweeper. If it senses a living creature, it moves toward them at full speed and uses its Engulf action as soon as it can.",
												"If Orange is engulfed, the fighter can attempt to grab items from within the gelatinous cube. Roll a {@dice d6} (rerolling duplicates) to determine what Orange retrieves from the table below:",
												{
													"type": "table",
													"caption": "Gelatinous Cube Treasures",
													"colLabels": [
														"d6",
														"Treasure"
													],
													"colStyles": [
														"col-1 text-center",
														"col-11"
													],
													"rows": [
														[
															"1",
															"{@item +1 greatsword}"
														],
														[
															"2",
															"{@item Potion of healing}"
														],
														[
															"3",
															"{@item Ring of protection}"
														],
														[
															"4",
															"Two metal gambling dice"
														],
														[
															"5",
															"The Peach Gem"
														],
														[
															"6",
															"Brass bell"
														]
													]
												},
												"When the gelatinous cube is reduced to 24 hit points or fewer, it spits out the {@item +1 greatsword}, the {@item potion of healing}, and the glowing orange gem (the Peach Gem), and makes its retreat by dashing away."
											],
											"id": "01d"
										},
										{
											"type": "entries",
											"name": "Sarcophagus Inscription",
											"page": 5,
											"entries": [
												"The sarcophagus and its inscriptions have been scratched off."
											],
											"id": "01e"
										}
									],
									"id": "019"
								},
								{
									"type": "entries",
									"name": "Tomb D",
									"page": 5,
									"entries": [
										"Inside the sarcophagus, the robed skeleton of the librarian lies in repose, holding a parchment across their chest. The parchment is a scroll of protection (aberrations).",
										{
											"type": "entries",
											"name": "Sarcophagus Inscription",
											"page": 5,
											"entries": [
												"\"Here lies the First Librarian of the Great Library of Harmony.\""
											],
											"id": "020"
										}
									],
									"id": "01f"
								}
							],
							"id": "011"
						},
						{
							"type": "entries",
							"name": "Completing the Mission",
							"page": 5,
							"entries": [
								"Arriving back in Harmony, Orange is invited to meet with Mr. Honeycutt at the local tavern. On return of the Peach Gem, Mr. Honeycutt is visibly relieved. He offers Orange membership in the Lorekeeper Society and asks if Orange will help him put an end to those who'd steal the color from Harmony. He's close to figuring out who's behind the color outages and feels as if he's going to need the help of heroes to stop them."
							],
							"id": "021"
						}
					],
					"id": "00a"
				},
				{
					"type": "section",
					"name": "Magic Items",
					"page": 6,
					"entries": [
						"The following magic items appear in this adventure.",
						{
							"type": "list",
							"columns": 4,
							"items": [
								"{@item Necklace of Fireballs}",
								"{@item Ring of Protection}",
								"{@item Scroll of Protection from Aberrations||Scroll of Protection (Aberrations)}",
								"{@item +1 weapon||Weapon, +1}"
							]
						}
					],
					"id": "022"
				},
				{
					"type": "image",
					"href": {
						"type": "internal",
						"path": "adventure/NRH-ASS/sheet005.webp"
					},
					"width": 1275,
					"height": 825
				},
				{
					"type": "image",
					"href": {
						"type": "internal",
						"path": "adventure/NRH-ASS/sheet006.webp"
					},
					"width": 1275,
					"height": 825
				}
			],
			"id": "000"
		},
		{
			"type": "section",
			"name": "Credits",
			"entries": [
				{
					"type": "entries",
					"entries": [
						{
							"type": "list",
							"style": "list-hang-notitle",
							"columns": 2,
							"items": [
								{
									"type": "entries",
									"name": "Dungeons & Dragons Team:",
									"entries": [
										{
											"type": "list",
											"style": "list-hang-notitle",
											"items": [
												{
													"type": "item",
													"name": "Adventure Design",
													"entries": [
														"Kat Kruger, Adam Lee"
													]
												},
												{
													"type": "item",
													"name": "Additional Development",
													"entries": [
														"Bill Benham"
													]
												},
												{
													"type": "item",
													"name": "Character Design",
													"entries": [
														"Chris Tulach"
													]
												},
												{
													"type": "item",
													"name": "Graphic Design",
													"entries": [
														"Emma Ekblad"
													]
												},
												{
													"type": "item",
													"name": "Editors",
													"entries": [
														"Ashley Michaela Lawson, Hannah Rose"
													]
												},
												{
													"type": "item",
													"name": "Creator Manager",
													"entries": [
														"Pelham Greene"
													]
												},
												{
													"type": "item",
													"name": "Illustrations",
													"entries": [
														"Red Central"
													]
												},
												{
													"type": "item",
													"name": "Producer",
													"entries": [
														"Bill Benham"
													]
												},
												{
													"type": "item",
													"name": "Brand Manager",
													"entries": [
														"Shelly Mazzanoble"
													]
												},
												{
													"type": "item",
													"name": "Director of Category Licensing",
													"entries": [
														"Ann Earp"
													]
												}
											]
										}
									]
								},
								{
									"type": "entries",
									"name": "Ferrara Team:",
									"entries": [
										{
											"type": "list",
											"style": "list-hang-notitle",
											"items": [
												{
													"type": "item",
													"name": "Sr. Associate Brand Manager, NERDS:",
													"entries": [
														"Lukas Krause"
													]
												},
												{
													"type": "item",
													"name": "Content Manager, NERDS:",
													"entries": [
														"Annie Belgrade"
													]
												},
												{
													"type": "item",
													"name": "Brand Manager, NERDS:",
													"entries": [
														"Joey Rath"
													]
												},
												{
													"type": "item",
													"name": "Director of Licensing & Partnerships, Ferrara Candy Co.",
													"entries": [
														"Amy Pagels"
													]
												}
											]
										}
									]
								},
								{
									"type": "entries",
									"name": "Tripleclix Team:",
									"entries": [
										{
											"type": "list",
											"style": "list-hang-notitle",
											"items": [
												{
													"type": "item",
													"name": "Managing Partner",
													"entries": [
														"Jennifer Erb"
													]
												},
												{
													"type": "item",
													"name": "Founder, Managing Partner",
													"entries": [
														"Christopher Erb"
													]
												},
												{
													"type": "item",
													"name": "VP, Head of Partnership Marketing",
													"entries": [
														"Kenneth Lindenbaum"
													]
												},
												{
													"type": "item",
													"name": "Additional Support",
													"entries": [
														"VMLY&R Commerce, Taxi, Pep, and Golin"
													]
												}
											]
										}
									]
								}
							]
						}
					]
				}
			]
		}
	]
}
