{"TCE":{"Artificer":{"TCE":{"Alchemist":{"name":"Alchemist"},"Armorer":{"name":"Armorer"},"Artillerist":{"name":"Artillerist"},"Battle Smith":{"name":"Battle Smith"}}}},"PHB":{"Barbarian":{"PHB":{"Berserker":{"name":"Path of the Berserker"},"Totem Warrior":{"name":"Path of the Totem Warrior"}},"SCAG":{"Battlerager":{"name":"Path of the Battlerager"}},"XGE":{"Ancestral Guardian":{"name":"Path of the Ancestral Guardian"},"Storm Herald":{"name":"Path of the Storm Herald"},"Zealot":{"name":"Path of the Zealot"}},"TCE":{"Beast":{"name":"Path of the Beast"},"Wild Magic":{"name":"Path of Wild Magic"}},"TDCSR":{"Juggernaut":{"name":"Path of the Juggernaut"}},"BGG":{"Giant":{"name":"Path of the Giant"}}},"Bard":{"PHB":{"Lore":{"name":"College of Lore"},"Valor":{"name":"College of Valor"}},"XGE":{"Glamour":{"name":"College of Glamour"},"Swords":{"name":"College of Swords"},"Whispers":{"name":"College of Whispers"}},"HWCS":{"Road":{"name":"College of the Road"}},"TCE":{"Creation":{"name":"College of Creation"},"Eloquence":{"name":"College of Eloquence"}},"VRGR":{"Spirits":{"name":"College of Spirits"}},"TDCSR":{"Tragedy":{"name":"College of Tragedy"}}},"Cleric":{"PHB":{"Knowledge":{"name":"Knowledge Domain"},"Life":{"name":"Life Domain"},"Light":{"name":"Light Domain"},"Nature":{"name":"Nature Domain"},"Tempest":{"name":"Tempest Domain"},"Trickery":{"name":"Trickery Domain"},"War":{"name":"War Domain"}},"DMG":{"Death":{"name":"Death Domain"}},"SCAG":{"Arcana":{"name":"Arcana Domain"}},"PSA":{"Ambition (PSA)":{"name":"Ambition Domain (PSA)"},"Knowledge (PSA)":{"name":"Knowledge Domain (PSA)","isReprinted":true},"Solidarity (PSA)":{"name":"Solidarity Domain (PSA)"},"Strength (PSA)":{"name":"Strength Domain (PSA)"},"Zeal (PSA)":{"name":"Zeal Domain (PSA)"}},"XGE":{"Forge":{"name":"Forge Domain"},"Grave":{"name":"Grave Domain"}},"HWCS":{"Community":{"name":"Community Domain"},"Night":{"name":"Night Domain"}},"TCE":{"Order":{"name":"Order Domain"},"Peace":{"name":"Peace Domain"},"Twilight":{"name":"Twilight Domain"}},"TDCSR":{"Blood":{"name":"Blood Domain"},"Moon":{"name":"Moon Domain"}}},"Druid":{"PHB":{"Land":{"name":"Circle of the Land"},"Moon":{"name":"Circle of the Moon"}},"XGE":{"Dreams":{"name":"Circle of Dreams"},"Shepherd":{"name":"Circle of the Shepherd"}},"TCE":{"Spores":{"name":"Circle of Spores"},"Stars":{"name":"Circle of Stars"},"Wildfire":{"name":"Circle of Wildfire"}},"TDCSR":{"Blighted":{"name":"Circle of the Blighted"}}},"Fighter":{"PHB":{"Battle Master":{"name":"Battle Master"},"Champion":{"name":"Champion"},"Eldritch Knight":{"name":"Eldritch Knight"}},"SCAG":{"Purple Dragon Knight (Banneret)":{"name":"Purple Dragon Knight (Banneret)"}},"XGE":{"Arcane Archer":{"name":"Arcane Archer"},"Cavalier":{"name":"Cavalier"},"Samurai":{"name":"Samurai"}},"HWCS":{"Scofflaw":{"name":"Scofflaw"}},"EGW":{"Echo Knight":{"name":"Echo Knight"}},"TCE":{"Psi Warrior":{"name":"Psi Warrior"},"Rune Knight":{"name":"Rune Knight"}}},"Monk":{"PHB":{"Shadow":{"name":"Way of Shadow"},"Four Elements":{"name":"Way of the Four Elements"},"Open Hand":{"name":"Way of the Open Hand"}},"SCAG":{"Long Death":{"name":"Way of the Long Death"}},"XGE":{"Drunken Master":{"name":"Way of the Drunken Master"},"Kensei":{"name":"Way of the Kensei"},"Sun Soul":{"name":"Way of the Sun Soul"}},"TCE":{"Mercy":{"name":"Way of Mercy"},"Astral Self":{"name":"Way of the Astral Self"}},"FTD":{"Ascendant Dragon":{"name":"Way of the Ascendant Dragon"}},"TDCSR":{"Cobalt Soul":{"name":"Way of the Cobalt Soul"}}},"Paladin":{"PHB":{"Devotion":{"name":"Oath of Devotion"},"Ancients":{"name":"Oath of the Ancients"},"Vengeance":{"name":"Oath of Vengeance"}},"DMG":{"Oathbreaker":{"name":"Oathbreaker"}},"SCAG":{"Crown":{"name":"Oath of the Crown"}},"XGE":{"Conquest":{"name":"Oath of Conquest"},"Redemption":{"name":"Oath of Redemption"}},"TCE":{"Glory":{"name":"Oath of Glory"},"Watchers":{"name":"Oath of the Watchers"}},"TDCSR":{"Open Sea":{"name":"Oath of the Open Sea"}}},"Ranger":{"PHB":{"Beast Master":{"name":"Beast Master"},"Hunter":{"name":"Hunter"}},"XGE":{"Gloom Stalker":{"name":"Gloom Stalker"},"Horizon Walker":{"name":"Horizon Walker"},"Monster Slayer":{"name":"Monster Slayer"}},"TCE":{"Fey Wanderer":{"name":"Fey Wanderer"},"Swarmkeeper":{"name":"Swarmkeeper"}},"FTD":{"Drakewarden":{"name":"Drakewarden"}}},"Rogue":{"PHB":{"Arcane Trickster":{"name":"Arcane Trickster"},"Assassin":{"name":"Assassin"},"Thief":{"name":"Thief"}},"XGE":{"Inquisitive":{"name":"Inquisitive"},"Mastermind":{"name":"Mastermind"},"Scout":{"name":"Scout"},"Swashbuckler":{"name":"Swashbuckler"}},"TCE":{"Phantom":{"name":"Phantom"},"Soulknife":{"name":"Soulknife"}}},"Sorcerer":{"PHB":{"Draconic":{"name":"Draconic Bloodline"},"Wild":{"name":"Wild Magic"}},"PSK":{"Pyromancer (PSK)":{"name":"Pyromancer (PSK)"}},"XGE":{"Divine Soul":{"name":"Divine Soul"},"Shadow":{"name":"Shadow Magic"},"Storm":{"name":"Storm Sorcery"}},"TCE":{"Aberrant Mind":{"name":"Aberrant Mind"},"Clockwork Soul":{"name":"Clockwork Soul"}},"TDCSR":{"Runechild":{"name":"Runechild"}},"DSotDQ":{"Lunar":{"name":"Lunar Sorcery"}}},"Warlock":{"PHB":{"Archfey":{"name":"The Archfey"},"Fiend":{"name":"The Fiend"},"Great Old One":{"name":"The Great Old One"}},"SCAG":{"Undying":{"name":"The Undying"}},"XGE":{"Celestial":{"name":"The Celestial"},"Hexblade":{"name":"The Hexblade"}},"TCE":{"Fathomless":{"name":"The Fathomless"},"Genie":{"name":"The Genie"}},"VRGR":{"Undead":{"name":"The Undead"}}},"Wizard":{"PHB":{"Abjuration":{"name":"School of Abjuration"},"Conjuration":{"name":"School of Conjuration"},"Divination":{"name":"School of Divination"},"Enchantment":{"name":"School of Enchantment"},"Evocation":{"name":"School of Evocation"},"Illusion":{"name":"School of Illusion"},"Necromancy":{"name":"School of Necromancy"},"Transmutation":{"name":"School of Transmutation"}},"XGE":{"War":{"name":"War Magic"}},"EGW":{"Chronurgy":{"name":"Chronurgy Magic"},"Graviturgy":{"name":"Graviturgy Magic"}},"TCE":{"Bladesinging":{"name":"Bladesinging"},"Scribes":{"name":"Order of Scribes"}},"TDCSR":{"Blood Magic":{"name":"Blood Magic"}}}},"UATheMysticClass":{"Mystic":{"UATheMysticClass":{"Avatar":{"name":"Order of the Avatar"},"Awakened":{"name":"Order of the Awakened"},"Immortal":{"name":"Order of the Immortal"},"Nomad":{"name":"Order of the Nomad"},"Soul Knife":{"name":"Order of the Soul Knife"},"Wu Jen":{"name":"Order of the Wu Jen"}}}}}