{
	"spellFluff": [
		{
			"name": "Control Flames",
			"source": "XGE",
			"images": [
				{
					"type": "image",
					"href": {
						"type": "internal",
						"path": "spells/XGE/Control Flames.webp"
					}
				}
			]
		},
		{
			"name": "Danse Macabre",
			"source": "XGE",
			"images": [
				{
					"type": "image",
					"href": {
						"type": "internal",
						"path": "spells/XGE/Danse Macabre.webp"
					}
				}
			]
		},
		{
			"name": "Erupting Earth",
			"source": "XGE",
			"images": [
				{
					"type": "image",
					"href": {
						"type": "internal",
						"path": "spells/XGE/Erupting Earth.webp"
					}
				}
			]
		},
		{
			"name": "Find Greater Steed",
			"source": "XGE",
			"images": [
				{
					"type": "image",
					"href": {
						"type": "internal",
						"path": "spells/XGE/Find Greater Steed.webp"
					}
				}
			]
		},
		{
			"name": "Infernal Calling",
			"source": "XGE",
			"images": [
				{
					"type": "image",
					"href": {
						"type": "internal",
						"path": "spells/XGE/Infernal Calling.webp"
					}
				}
			]
		},
		{
			"name": "Mighty Fortress",
			"source": "XGE",
			"images": [
				{
					"type": "image",
					"href": {
						"type": "internal",
						"path": "spells/XGE/Mighty Fortress.webp"
					}
				}
			]
		},
		{
			"name": "Shadow Blade",
			"source": "XGE",
			"images": [
				{
					"type": "image",
					"href": {
						"type": "internal",
						"path": "spells/XGE/Shadow Blade.webp"
					}
				}
			]
		},
		{
			"name": "Storm Sphere",
			"source": "XGE",
			"images": [
				{
					"type": "image",
					"href": {
						"type": "internal",
						"path": "spells/XGE/Storm Sphere.webp"
					}
				}
			]
		},
		{
			"name": "Tiny Servant",
			"source": "XGE",
			"images": [
				{
					"type": "image",
					"href": {
						"type": "internal",
						"path": "spells/XGE/Tiny Servant.webp"
					}
				}
			]
		},
		{
			"name": "Whirlwind",
			"source": "XGE",
			"images": [
				{
					"type": "image",
					"href": {
						"type": "internal",
						"path": "spells/XGE/Whirlwind.webp"
					}
				}
			]
		}
	]
}
