{
	"AAG": "spells-aag.json",
	"AI": "spells-ai.json",
	"AitFR-AVT": "spells-aitfr-avt.json",
	"BMT": "spells-bmt.json",
	"DoDk": "spells-dodk.json",
	"EGW": "spells-egw.json",
	"FTD": "spells-ftd.json",
	"GGR": "spells-ggr.json",
	"GHLoE": "spells-ghloe.json",
	"HWCS": "spells-hwcs.json",
	"IDRotF": "spells-idrotf.json",
	"LLK": "spells-llk.json",
	"PHB": "spells-phb.json",
	"SatO": "spells-sato.json",
	"SCC": "spells-scc.json",
	"TCE": "spells-tce.json",
	"TDCSR": "spells-tdcsr.json",
	"XGE": "spells-xge.json"
}
