{
	"spell": [
		{
			"name": "Distort Value",
			"source": "AI",
			"page": 75,
			"level": 1,
			"school": "I",
			"time": [
				{
					"number": 1,
					"unit": "minute"
				}
			],
			"range": {
				"type": "point",
				"distance": {
					"type": "touch"
				}
			},
			"components": {
				"v": true
			},
			"duration": [
				{
					"type": "timed",
					"duration": {
						"type": "hour",
						"amount": 8
					}
				}
			],
			"entries": [
				"Do you need to squeeze a few more gold pieces out of a merchant as you try to sell that weird octopus statue you liberated from the chaos temple? Do you need to downplay the worth of some magical assets when the tax collector stops by? Distort value has you covered.",
				"You cast this spell on an object no more than 1 foot on a side, doubling the object's perceived value by adding illusory flourishes or polish to it, or reducing its perceived value by half with the help of illusory scratches, dents, and other unsightly features. Anyone examining the object can ascertain its true value with a successful Intelligence ({@skill Investigation}) check against your spell save DC."
			],
			"entriesHigherLevel": [
				{
					"type": "entries",
					"name": "At Higher Levels",
					"entries": [
						"When you cast this spell using a spell slot of 2nd level or higher, the maximum size of the object increases by 1 foot for each slot level above 1st."
					]
				}
			]
		},
		{
			"name": "Fast Friends",
			"source": "AI",
			"page": 75,
			"level": 3,
			"school": "E",
			"time": [
				{
					"number": 1,
					"unit": "action"
				}
			],
			"range": {
				"type": "point",
				"distance": {
					"type": "feet",
					"amount": 30
				}
			},
			"components": {
				"v": true
			},
			"duration": [
				{
					"type": "timed",
					"duration": {
						"type": "hour",
						"amount": 1
					},
					"concentration": true
				}
			],
			"entries": [
				"When you need to make sure something gets done, you can't rely on vague promises, sworn oaths, or binding contracts of employment. When you cast this spell, choose one humanoid within range that can see and hear you, and that can understand you. The creature must succeed on a Wisdom saving throw or become {@condition charmed} by you for the duration. While the creature is {@condition charmed} in this way, it undertakes to perform any services or activities you ask of it in a friendly manner, to the best of its ability.",
				"You can set the creature new tasks when a previous task is completed, or if you decide to end its current task. If the service or activity might cause harm to the creature, or if it conflicts with the creature's normal activities and desires, the creature can make another Wisdom saving throw to try to end the effect. This save is made with advantage if you or your companions are fighting the creature. If the activity would result in certain death for the creature, the spell ends.",
				"When the spell ends, the creature knows it was {@condition charmed} by you."
			],
			"entriesHigherLevel": [
				{
					"type": "entries",
					"name": "At Higher Levels",
					"entries": [
						"When you cast this spell using a spell slot of 4th level or higher, you can target one additional creature for each slot level above 3rd."
					]
				}
			],
			"conditionInflict": [
				"charmed"
			],
			"savingThrow": [
				"wisdom"
			],
			"affectsCreatureType": [
				"humanoid"
			],
			"miscTags": [
				"SGT"
			],
			"areaTags": [
				"MT",
				"ST"
			]
		},
		{
			"name": "Gift of Gab",
			"source": "AI",
			"page": 76,
			"level": 2,
			"school": "E",
			"time": [
				{
					"number": 1,
					"unit": "reaction",
					"condition": "which you take when you speak to another creature"
				}
			],
			"range": {
				"type": "point",
				"distance": {
					"type": "self"
				}
			},
			"components": {
				"v": true,
				"s": true,
				"r": true
			},
			"duration": [
				{
					"type": "instant"
				}
			],
			"entries": [
				{
					"type": "quote",
					"entries": [
						"When I met Jim Darkmagic, I wondered how he got anything done in that outfit. I have since learned that most of his talents involve standing and talking. His outfit is perfect for that."
					],
					"by": "Môrgæn"
				},
				"Jim Darkmagic is said to have invented this spell, originally calling it {@i I said what?!} Have you ever been talking to the local monarch and accidentally mentioned how their son looks like your favorite hog from when you were growing up on the family farm? We've all been there! But rather than being beheaded for an honest slip of the tongue, you can pretend it never happened\u2014by ensuring that no one knows it happened.",
				"When you cast this spell, you skillfully reshape the memories of listeners in your immediate area, so that each creature of your choice within 5 feet of you forgets everything you said within the last 6 seconds. Those creatures then remember that you actually said the words you speak as the verbal component of the spell."
			],
			"areaTags": [
				"MT"
			]
		},
		{
			"name": "Incite Greed",
			"source": "AI",
			"page": 76,
			"level": 3,
			"school": "E",
			"time": [
				{
					"number": 1,
					"unit": "action"
				}
			],
			"range": {
				"type": "point",
				"distance": {
					"type": "feet",
					"amount": 30
				}
			},
			"components": {
				"v": true,
				"s": true,
				"m": {
					"text": "a gem worth at least 50 gp",
					"cost": 5000
				}
			},
			"duration": [
				{
					"type": "timed",
					"duration": {
						"type": "minute",
						"amount": 1
					},
					"concentration": true
				}
			],
			"entries": [
				"When you cast this spell, you present the gem used as the material component and choose any number of creatures within range that can see you. Each target must succeed on a Wisdom saving throw or be {@condition charmed} by you until the spell ends, or until you or your companions do anything harmful to it. While {@condition charmed} in this way, a creature can do nothing but use its movement to approach you in a safe manner. While an affected creature is within 5 feet of you, it cannot move, but simply stares greedily at the gem you present.",
				"At the end of each of its turns, an affected target can make a Wisdom saving throw. If it succeeds, this effect ends for that target."
			],
			"conditionInflict": [
				"charmed"
			],
			"savingThrow": [
				"wisdom"
			],
			"miscTags": [
				"SGT"
			],
			"areaTags": [
				"MT"
			]
		},
		{
			"name": "Jim's Glowing Coin",
			"source": "AI",
			"page": 76,
			"level": 2,
			"school": "E",
			"time": [
				{
					"number": 1,
					"unit": "action"
				}
			],
			"range": {
				"type": "point",
				"distance": {
					"type": "feet",
					"amount": 60
				}
			},
			"components": {
				"s": true,
				"m": "a coin",
				"r": true
			},
			"duration": [
				{
					"type": "timed",
					"duration": {
						"type": "minute",
						"amount": 1
					}
				}
			],
			"entries": [
				"Of the many tactics employed by master magician and renowned adventurer Jim Darkmagic, the old glowing coin trick is a time-honored classic. When you cast the spell, you hurl the coin that is the spell's material component to any spot within range. The coin lights up as if under the effect of a {@spell light} spell. Each creature of your choice that you can see within 30 feet of the coin must succeed on a Wisdom saving throw or be distracted for the duration. While distracted, a creature has disadvantage on Wisdom ({@skill Perception}) checks and initiative rolls."
			],
			"savingThrow": [
				"wisdom"
			],
			"miscTags": [
				"SGT"
			],
			"areaTags": [
				"MT"
			]
		},
		{
			"name": "Jim's Magic Missile",
			"source": "AI",
			"page": 76,
			"level": 1,
			"school": "V",
			"time": [
				{
					"number": 1,
					"unit": "action"
				}
			],
			"range": {
				"type": "point",
				"distance": {
					"type": "feet",
					"amount": 120
				}
			},
			"components": {
				"v": true,
				"s": true,
				"r": true
			},
			"duration": [
				{
					"type": "instant"
				}
			],
			"entries": [
				{
					"type": "quote",
					"entries": [
						"Jim's magic missile is an ancient and powerful spell, as well as being the name of my band in Wizard Academy."
					],
					"by": "Jim Darkmagic"
				},
				"Any apprentice wizard can cast a boring old magic missile. Sure, it always strikes its target. Yawn. Do away with the drudgery of your grandfather's magic with this improved version of the spell, as used by Jim Darkmagic!",
				"You create three twisting, whistling, hypoallergenic, gluten-free darts of magical force. Each dart targets a creature of your choice that you can see within range. Make a ranged spell attack for each missile. On a hit, a missile deals {@damage 2d4} force damage to its target.",
				"If the attack roll scores a critical hit, the target of that missile takes {@damage 5d4} force damage instead of you rolling damage twice for a critical hit. If the attack roll for any missile is a 1, all missiles miss their targets and blow up in your face, dealing 1 force damage per missile to you."
			],
			"entriesHigherLevel": [
				{
					"type": "entries",
					"name": "At Higher Levels",
					"entries": [
						"When you cast this spell using a spell slot of 2nd level or higher, the spell creates one more dart, and the royalty component increases by 1 gp, for each slot level above 1st."
					]
				}
			],
			"damageInflict": [
				"force"
			],
			"spellAttack": [
				"R"
			],
			"miscTags": [
				"SGT"
			],
			"areaTags": [
				"MT",
				"ST"
			]
		},
		{
			"name": "Motivational Speech",
			"source": "AI",
			"page": 77,
			"level": 3,
			"school": "E",
			"time": [
				{
					"number": 1,
					"unit": "minute"
				}
			],
			"range": {
				"type": "point",
				"distance": {
					"type": "feet",
					"amount": 60
				}
			},
			"components": {
				"v": true
			},
			"duration": [
				{
					"type": "timed",
					"duration": {
						"type": "hour",
						"amount": 1
					}
				}
			],
			"entries": [
				{
					"type": "quote",
					"entries": [
						"I once heard a motivational speech by Jim and it was the worst ninety seconds of my life. What does Omin see in him, anyway?"
					],
					"by": "Walnut Dankgrass"
				},
				"You address allies, staff, or innocent bystanders to exhort and inspire them to greatness, whether they have anything to get excited about or not. Choose up to five creatures within range that can hear you. For the duration, each affected creature gains 5 temporary hit points and has advantage on Wisdom saving throws. If an affected creature is hit by an attack, it has advantage on the next attack roll it makes. Once an affected creature loses the temporary hit points granted by this spell, the spell ends for that creature."
			],
			"entriesHigherLevel": [
				{
					"type": "entries",
					"name": "At Higher Levels",
					"entries": [
						"When you cast this spell using a spell slot of 4th level or higher, the temporary hit points increase by 5 for each slot level above 3rd."
					]
				}
			],
			"miscTags": [
				"ADV",
				"SGT",
				"THP"
			],
			"areaTags": [
				"MT"
			]
		}
	]
}
