{
	"spell": [
		{
			"name": "Dark Star",
			"source": "EGW",
			"page": 186,
			"level": 8,
			"school": "V",
			"time": [
				{
					"number": 1,
					"unit": "action"
				}
			],
			"range": {
				"type": "point",
				"distance": {
					"type": "feet",
					"amount": 150
				}
			},
			"components": {
				"v": true,
				"s": true,
				"m": {
					"text": "a shard of onyx and a drop of the caster's blood, both of which the spell consumes",
					"consume": true
				}
			},
			"duration": [
				{
					"type": "timed",
					"duration": {
						"type": "minute",
						"amount": 1
					},
					"concentration": true
				}
			],
			"entries": [
				"This spell creates a sphere centered on a point you choose within range. The sphere can have a radius of up to 40 feet. The area within this sphere is filled with magical darkness and crushing gravitational force.",
				"For the duration, the spell's area is {@quickref difficult terrain||3}. A creature with darkvision can't see through the magical darkness, and nonmagical light can't illuminate it. No sound can be created within or pass through the area. Any creature or object entirely inside the sphere is immune to thunder damage, and creatures are {@condition deafened} while entirely inside it. Casting a spell that includes a verbal component is impossible there.",
				"Any creature that enters the spell's area for the first time on a turn or starts its turn there must make a Constitution saving throw. The creature takes {@damage 8d10} force damage on a failed save, or half as much damage on a successful one. A creature reduced to 0 hit points by this damage is disintegrated. A disintegrated creature and everything it is wearing and carrying, except magic items, are reduced to a pile of fine gray dust."
			],
			"damageInflict": [
				"force"
			],
			"conditionInflict": [
				"deafened"
			],
			"savingThrow": [
				"constitution"
			],
			"miscTags": [
				"DFT",
				"OBJ"
			],
			"areaTags": [
				"S"
			],
			"hasFluffImages": true
		},
		{
			"name": "Fortune's Favor",
			"source": "EGW",
			"page": 186,
			"level": 2,
			"school": "D",
			"time": [
				{
					"number": 1,
					"unit": "minute"
				}
			],
			"range": {
				"type": "point",
				"distance": {
					"type": "feet",
					"amount": 60
				}
			},
			"components": {
				"v": true,
				"s": true,
				"m": {
					"text": "a white pearl worth at least 100 gp, which the spell consumes",
					"cost": 10000,
					"consume": true
				}
			},
			"duration": [
				{
					"type": "timed",
					"duration": {
						"type": "hour",
						"amount": 1
					}
				}
			],
			"entries": [
				"You impart latent luck to yourself or one willing creature you can see within range. When the chosen creature makes an attack roll, an ability check, or a saving throw before the spell ends, it can dismiss this spell on itself to roll an additional {@dice d20} and choose which of the {@dice d20}s to use. Alternatively, when an attack roll is made against the chosen creature, it can dismiss this spell on itself to roll a {@dice d20} and choose which of the {@dice d20}s to use, the one it rolled or the one the attacker rolled.",
				"If the original {@dice d20} roll has advantage or disadvantage, the creature rolls the additional {@dice d20} after advantage or disadvantage has been applied to the original roll."
			],
			"entriesHigherLevel": [
				{
					"type": "entries",
					"name": "At Higher Levels",
					"entries": [
						"When you cast this spell using a spell slot of 3rd level or higher, you can target one additional creature for each slot level above 2nd."
					]
				}
			],
			"miscTags": [
				"SGT"
			],
			"areaTags": [
				"ST"
			]
		},
		{
			"name": "Gift of Alacrity",
			"source": "EGW",
			"page": 186,
			"level": 1,
			"school": "D",
			"time": [
				{
					"number": 1,
					"unit": "minute"
				}
			],
			"range": {
				"type": "point",
				"distance": {
					"type": "touch"
				}
			},
			"components": {
				"v": true,
				"s": true
			},
			"duration": [
				{
					"type": "timed",
					"duration": {
						"type": "hour",
						"amount": 8
					}
				}
			],
			"entries": [
				"You touch a willing creature. For the duration, the target can add {@dice 1d8} to its initiative rolls."
			],
			"areaTags": [
				"ST"
			]
		},
		{
			"name": "Gravity Fissure",
			"source": "EGW",
			"page": 187,
			"level": 6,
			"school": "V",
			"time": [
				{
					"number": 1,
					"unit": "action"
				}
			],
			"range": {
				"type": "line",
				"distance": {
					"type": "feet",
					"amount": 100
				}
			},
			"components": {
				"v": true,
				"s": true,
				"m": "a fistful of iron filings"
			},
			"duration": [
				{
					"type": "instant"
				}
			],
			"entries": [
				"You manifest a ravine of gravitational energy in a line originating from you that is 100 feet long and 5 feet wide. Each creature in that line must make a Constitution saving throw, taking {@damage 8d8} force damage on a failed save, or half as much damage on a successful one.",
				"Each creature within 10 feet of the line but not in it must succeed on a Constitution saving throw or take {@damage 8d8} force damage and be pulled toward the line until the creature is in its area."
			],
			"entriesHigherLevel": [
				{
					"type": "entries",
					"name": "At Higher Levels",
					"entries": [
						"When you cast this spell using a spell slot of 7th level or higher, the damage increases by {@scaledamage 8d8|6-9|1d8} for each slot level above 6th."
					]
				}
			],
			"damageInflict": [
				"force"
			],
			"savingThrow": [
				"constitution"
			],
			"areaTags": [
				"L"
			]
		},
		{
			"name": "Gravity Sinkhole",
			"source": "EGW",
			"page": 187,
			"level": 4,
			"school": "V",
			"time": [
				{
					"number": 1,
					"unit": "action"
				}
			],
			"range": {
				"type": "point",
				"distance": {
					"type": "feet",
					"amount": 120
				}
			},
			"components": {
				"v": true,
				"s": true,
				"m": "a black marble"
			},
			"duration": [
				{
					"type": "instant"
				}
			],
			"entries": [
				"A 20-foot-radius sphere of crushing force forms at a point you can see within range and tugs at the creatures there. Each creature in the sphere must make a Constitution saving throw. On a failed save, the creature takes {@damage 5d10} force damage and is pulled in a straight line toward the center of the sphere, ending in an unoccupied space as close to the center as possible (even if that space is in the air). On a successful save, the creature takes half as much damage and isn't pulled."
			],
			"entriesHigherLevel": [
				{
					"type": "entries",
					"name": "At Higher Levels",
					"entries": [
						"When you cast this spell using a spell slot of 5th level or higher, the damage increases by {@scaledamage 5d10|4-9|1d10} for each slot level above 4th."
					]
				}
			],
			"damageInflict": [
				"force"
			],
			"savingThrow": [
				"constitution"
			],
			"miscTags": [
				"SGT"
			],
			"areaTags": [
				"S"
			]
		},
		{
			"name": "Immovable Object",
			"source": "EGW",
			"page": 187,
			"level": 2,
			"school": "T",
			"time": [
				{
					"number": 1,
					"unit": "action"
				}
			],
			"range": {
				"type": "point",
				"distance": {
					"type": "touch"
				}
			},
			"components": {
				"v": true,
				"s": true,
				"m": {
					"text": "gold dust worth at least 25 gp, which the spell consumes",
					"cost": 2500,
					"consume": true
				}
			},
			"duration": [
				{
					"type": "timed",
					"duration": {
						"type": "hour",
						"amount": 1
					}
				}
			],
			"entries": [
				"You touch an object that weighs no more than 10 pounds and cause it to become magically fixed in place. You and the creatures you designate when you cast this spell can move the object normally. You can also set a password that, when spoken within 5 feet of the object, suppresses this spell for 1 minute.",
				"If the object is fixed in the air, it can hold up to 4,000 pounds of weight. More weight causes the object to fall. Otherwise, a creature can use an action to make a Strength check against your spell save DC. On a success, the creature can move the object up to 10 feet."
			],
			"entriesHigherLevel": [
				{
					"type": "entries",
					"name": "At Higher Levels",
					"entries": [
						"If you cast this spell using a spell slot of 4th or 5th level, the DC to move the object increases by 5, it can carry up to 8,000 pounds of weight, and the duration increases to 24 hours. If you cast this spell using a spell slot of 6th level or higher, the DC to move the object increases by 10, it can carry up to 20,000 pounds of weight, and the effect is permanent until dispelled."
					]
				}
			],
			"abilityCheck": [
				"strength"
			],
			"miscTags": [
				"OBJ"
			],
			"areaTags": [
				"ST"
			]
		},
		{
			"name": "Magnify Gravity",
			"source": "EGW",
			"page": 188,
			"level": 1,
			"school": "T",
			"time": [
				{
					"number": 1,
					"unit": "action"
				}
			],
			"range": {
				"type": "point",
				"distance": {
					"type": "feet",
					"amount": 60
				}
			},
			"components": {
				"v": true,
				"s": true
			},
			"duration": [
				{
					"type": "timed",
					"duration": {
						"type": "round",
						"amount": 1
					}
				}
			],
			"entries": [
				"The gravity in a 10-foot-radius sphere centered on a point you can see within range increases for a moment. Each creature in the sphere on the turn when you cast the spell must make a Constitution saving throw. On a failed save, a creature takes {@damage 2d8} force damage, and its speed is halved until the end of its next turn. On a successful save, a creature takes half as much damage and suffers no reduction to its speed.",
				"Until the start of your next turn, any object that isn't being worn or carried in the sphere requires a successful Strength check against your spell save DC to pick up or move."
			],
			"entriesHigherLevel": [
				{
					"type": "entries",
					"name": "At Higher Levels",
					"entries": [
						"When you cast this spell using a spell slot of 2nd level or higher, the damage increases by {@scaledamage 2d8|1-9|1d8} for each slot level above 1st."
					]
				}
			],
			"damageInflict": [
				"force"
			],
			"savingThrow": [
				"constitution"
			],
			"miscTags": [
				"OBJ",
				"SGT"
			],
			"areaTags": [
				"S"
			]
		},
		{
			"name": "Pulse Wave",
			"source": "EGW",
			"page": 188,
			"level": 3,
			"school": "V",
			"time": [
				{
					"number": 1,
					"unit": "action"
				}
			],
			"range": {
				"type": "cone",
				"distance": {
					"type": "feet",
					"amount": 30
				}
			},
			"components": {
				"v": true,
				"s": true
			},
			"duration": [
				{
					"type": "instant"
				}
			],
			"entries": [
				"You create intense pressure, unleash it in a 30-foot cone, and decide whether the pressure pulls or pushes creatures and objects. Each creature in that cone must make a Constitution saving throw. A creature takes {@damage 6d6} force damage on a failed save, or half as much damage on a successful one. And every creature that fails the save is either pulled 15 feet toward you or pushed 15 feet away from you, depending on the choice you made for the spell.",
				"In addition, unsecured objects that are completely within the cone are likewise pulled or pushed 15 feet."
			],
			"entriesHigherLevel": [
				{
					"type": "entries",
					"name": "At Higher Levels",
					"entries": [
						"When you cast this spell using a spell slot of 4th level or higher, the damage increases by {@scaledamage 6d6|3-9|1d6} and the distance pulled or pushed increases by 5 feet for each slot level above 3rd."
					]
				}
			],
			"damageInflict": [
				"force"
			],
			"savingThrow": [
				"constitution"
			],
			"miscTags": [
				"FMV",
				"OBJ"
			],
			"areaTags": [
				"N"
			]
		},
		{
			"name": "Ravenous Void",
			"source": "EGW",
			"page": 188,
			"level": 9,
			"school": "V",
			"time": [
				{
					"number": 1,
					"unit": "action"
				}
			],
			"range": {
				"type": "point",
				"distance": {
					"type": "feet",
					"amount": 1000
				}
			},
			"components": {
				"v": true,
				"s": true,
				"m": "a small, nine-pointed star made of iron"
			},
			"duration": [
				{
					"type": "timed",
					"duration": {
						"type": "minute",
						"amount": 1
					},
					"concentration": true
				}
			],
			"entries": [
				"You create a 20-foot-radius sphere of destructive gravitational force centered on a point you can see within range. For the spell's duration, the sphere and any space within 100 feet of it are {@quickref difficult terrain||3}, and nonmagical objects fully inside the sphere are destroyed if they aren't being worn or carried.",
				"When the sphere appears and at the start of each of your turns until the spell ends, unsecured objects within 100 feet of the sphere are pulled toward the sphere's center, ending in an unoccupied space as close to the center as possible.",
				"A creature that starts its turn within 100 feet of the sphere must succeed on a Strength saving throw or be pulled straight toward the sphere's center, ending in an unoccupied space as close to the center as possible. A creature that enters the sphere for the first time on a turn or starts its turn there takes {@damage 5d10} force damage and is {@condition restrained} until it is no longer in the sphere. If the sphere is in the air, the {@condition restrained} creature hovers inside the sphere. A creature can use its action to make a Strength check against your spell save DC, ending this {@condition restrained} condition on itself or another creature in the sphere that it can reach. A creature reduced to 0 hit points by this spell is annihilated, along with any nonmagical items it is wearing or carrying."
			],
			"damageInflict": [
				"force"
			],
			"conditionInflict": [
				"restrained"
			],
			"savingThrow": [
				"strength"
			],
			"abilityCheck": [
				"strength"
			],
			"miscTags": [
				"OBJ",
				"SGT"
			],
			"areaTags": [
				"S"
			]
		},
		{
			"name": "Reality Break",
			"source": "EGW",
			"page": 189,
			"level": 8,
			"school": "C",
			"time": [
				{
					"number": 1,
					"unit": "action"
				}
			],
			"range": {
				"type": "point",
				"distance": {
					"type": "feet",
					"amount": 60
				}
			},
			"components": {
				"v": true,
				"s": true,
				"m": "a crystal prism"
			},
			"duration": [
				{
					"type": "timed",
					"duration": {
						"type": "minute",
						"amount": 1
					},
					"concentration": true
				}
			],
			"entries": [
				"You shatter the barriers between realities and timelines, thrusting a creature into turmoil and madness. The target must succeed on a Wisdom saving throw, or it can't take reactions until the spell ends. The affected target must also roll a {@dice d10} at the start of each of its turns; the number rolled determines what happens to the target, as shown on the Reality Break Effects table.",
				"At the end of each of its turns, the affected target can repeat the Wisdom saving throw, ending the spell on itself on a success.",
				{
					"type": "table",
					"caption": "Reality Break Effects",
					"colLabels": [
						"d10",
						"Effect"
					],
					"colStyles": [
						"col-2 text-center",
						"col-10"
					],
					"rows": [
						[
							"1-2",
							"{@b Vision of the Far Realm.} The target takes {@damage 6d12} psychic damage, and it is {@condition stunned} until the end of the turn."
						],
						[
							"3-5",
							"{@b Rending Rift.} The target must make a Dexterity saving throw, taking {@damage 8d12} force damage on a failed save, or half as much damage on a successful one."
						],
						[
							"6-8",
							"{@b Wormhole.} The target is teleported, along with everything it is wearing and carrying, up to 30 feet to an unoccupied space of your choice that you can see. The target also takes {@damage 10d12} force damage and is knocked {@condition prone}."
						],
						[
							"9-10",
							"{@b Chill of the Dark Void.} The target takes {@damage 10d12} cold damage, and it is {@condition blinded} until the end of the turn."
						]
					]
				}
			],
			"damageInflict": [
				"psychic",
				"force",
				"cold"
			],
			"conditionInflict": [
				"stunned",
				"prone",
				"blinded"
			],
			"savingThrow": [
				"wisdom",
				"dexterity"
			],
			"miscTags": [
				"RO",
				"SGT"
			],
			"areaTags": [
				"ST"
			],
			"hasFluffImages": true
		},
		{
			"name": "Sapping Sting",
			"source": "EGW",
			"page": 189,
			"level": 0,
			"school": "N",
			"time": [
				{
					"number": 1,
					"unit": "action"
				}
			],
			"range": {
				"type": "point",
				"distance": {
					"type": "feet",
					"amount": 30
				}
			},
			"components": {
				"v": true,
				"s": true
			},
			"duration": [
				{
					"type": "instant"
				}
			],
			"entries": [
				"You sap the vitality of one creature you can see in range. The target must succeed on a Constitution saving throw or take {@damage 1d4} necrotic damage and fall {@condition prone}.",
				"This spell's damage increases by {@damage 1d4} when you reach 5th level ({@damage 2d4}), 11th level ({@damage 3d4}), and 17th level ({@damage 4d4})."
			],
			"scalingLevelDice": {
				"label": "necrotic damage",
				"scaling": {
					"1": "1d4",
					"5": "2d4",
					"11": "3d4",
					"17": "4d4"
				}
			},
			"damageInflict": [
				"necrotic"
			],
			"conditionInflict": [
				"prone"
			],
			"savingThrow": [
				"constitution"
			],
			"miscTags": [
				"SCL",
				"SGT"
			],
			"areaTags": [
				"ST"
			]
		},
		{
			"name": "Temporal Shunt",
			"source": "EGW",
			"page": 189,
			"level": 5,
			"school": "T",
			"time": [
				{
					"number": 1,
					"unit": "reaction",
					"condition": "taken when a creature you can see makes an attack roll or starts to cast a spell"
				}
			],
			"range": {
				"type": "point",
				"distance": {
					"type": "feet",
					"amount": 120
				}
			},
			"components": {
				"v": true,
				"s": true
			},
			"duration": [
				{
					"type": "timed",
					"duration": {
						"type": "round",
						"amount": 1
					}
				}
			],
			"entries": [
				"You target the triggering creature, which must succeed on a Wisdom saving throw or vanish, being thrown to another point in time and causing the attack to miss or the spell to be wasted. At the start of its next turn, the target reappears where it was or in the closest unoccupied space. The target doesn't remember you casting the spell or being affected by it."
			],
			"entriesHigherLevel": [
				{
					"type": "entries",
					"name": "At Higher Levels",
					"entries": [
						"When you cast this spell using a spell slot of 6th level or higher, you can target one additional creature for each slot level above 5th. All targets must be within 30 feet of each other."
					]
				}
			],
			"savingThrow": [
				"wisdom"
			],
			"areaTags": [
				"ST"
			]
		},
		{
			"name": "Tether Essence",
			"source": "EGW",
			"page": 189,
			"level": 7,
			"school": "N",
			"time": [
				{
					"number": 1,
					"unit": "action"
				}
			],
			"range": {
				"type": "point",
				"distance": {
					"type": "feet",
					"amount": 60
				}
			},
			"components": {
				"v": true,
				"s": true,
				"m": {
					"text": "a spool of platinum cord worth at least 250 gp, which the spell consumes",
					"cost": 25000,
					"consume": true
				}
			},
			"duration": [
				{
					"type": "timed",
					"duration": {
						"type": "hour",
						"amount": 1
					},
					"concentration": true
				}
			],
			"entries": [
				"Two creatures you can see within range must make a Constitution saving throw, with disadvantage if they are within 30 feet of each other. Either creature can willingly fail the save. If either save succeeds, the spell has no effect. If both saves fail, the creatures are magically linked for the duration, regardless of the distance between them. When damage is dealt to one of them, the same damage is dealt to the other one. If hit points are restored to one of them, the same number of hit points are restored to the other one. If either of the tethered creatures is reduced to 0 hit points, the spell ends on both. If the spell ends on one creature, it ends on both."
			],
			"savingThrow": [
				"constitution"
			],
			"miscTags": [
				"SGT"
			],
			"areaTags": [
				"MT"
			]
		},
		{
			"name": "Time Ravage",
			"source": "EGW",
			"page": 189,
			"level": 9,
			"school": "N",
			"time": [
				{
					"number": 1,
					"unit": "action"
				}
			],
			"range": {
				"type": "point",
				"distance": {
					"type": "feet",
					"amount": 90
				}
			},
			"components": {
				"v": true,
				"s": true,
				"m": {
					"text": "an hourglass filled with diamond dust worth at least 5,000 gp, which the spell consumes",
					"cost": 500000,
					"consume": true
				}
			},
			"duration": [
				{
					"type": "instant"
				}
			],
			"entries": [
				"You target a creature you can see within range, putting its physical form through the devastation of rapid aging. The target must make a Constitution saving throw, taking {@damage 10d12} necrotic damage on a failed save, or half as much damage on a successful one. If the save fails, the target also ages to the point where it has only 30 days left before it dies of old age. In this aged state, the target has disadvantage on attack rolls, ability checks, and saving throws, and its walking speed is halved. Only the {@spell wish} spell or the {@spell greater restoration} cast with a 9th-level spell slot can end these effects and restore the target to its previous age."
			],
			"damageInflict": [
				"necrotic"
			],
			"savingThrow": [
				"constitution"
			],
			"miscTags": [
				"SGT"
			],
			"areaTags": [
				"ST"
			]
		},
		{
			"name": "Wristpocket",
			"source": "EGW",
			"page": 190,
			"level": 2,
			"school": "C",
			"time": [
				{
					"number": 1,
					"unit": "action"
				}
			],
			"range": {
				"type": "point",
				"distance": {
					"type": "self"
				}
			},
			"components": {
				"s": true
			},
			"duration": [
				{
					"type": "timed",
					"duration": {
						"type": "hour",
						"amount": 1
					},
					"concentration": true
				}
			],
			"meta": {
				"ritual": true
			},
			"entries": [
				"You flick your wrist, causing one object in your hand to vanish. The object, which only you can be holding and can weigh no more than 5 pounds, is transported to an extradimensional space, where it remains for the duration.",
				"Until the spell ends, you can use your action to summon the object to your free hand, and you can use your action to return the object to the extradimensional space. An object still in the pocket plane when the spell ends appears in your space, at your feet."
			],
			"areaTags": [
				"ST"
			]
		}
	]
}
