{
	"spell": [
		{
			"name": "Conjure the Deep Haze",
			"source": "DoDk",
			"page": 226,
			"level": 5,
			"school": "C",
			"subschools": [
				"contaminated"
			],
			"time": [
				{
					"number": 1,
					"unit": "action"
				}
			],
			"range": {
				"type": "point",
				"distance": {
					"type": "feet",
					"amount": 120
				}
			},
			"components": {
				"v": true,
				"s": true,
				"m": {
					"text": "a delerium fragment worth 100 gp, which the spell consumes",
					"cost": 10000,
					"consume": true
				}
			},
			"duration": [
				{
					"type": "timed",
					"duration": {
						"type": "minute",
						"amount": 10
					},
					"concentration": true
				}
			],
			"entries": [
				"When you cast this spell, you gain one {@adventure level of contamination|DoDk|12}.",
				"You create a 20-foot-radius sphere of the Deep Haze on a point you choose within range. The fog spreads around corners. It lasts for the duration or until strong wind disperses the fog, ending the spell. Its area is heavily obscured.",
				"When a creature enters the spell's area for the first time on a turn or starts its turn there, that creature must succeed on a Constitution saving throw. On a failed saving throw, it suffers ({@dice 8d6}) necrotic damage and gains one {@adventure level of contamination|DoDk|12}. On a successful save, the creature takes half as much damage and does not gain any {@adventure contamination levels|DoDk|12}. Creatures are affected even if they hold their breath or don't need to breathe."
			],
			"savingThrow": [
				"constitution"
			],
			"miscTags": [
				"OBS"
			]
		},
		{
			"name": "Contaminated Power",
			"source": "DoDk",
			"page": 226,
			"level": 8,
			"school": "T",
			"subschools": [
				"contaminated"
			],
			"time": [
				{
					"number": 1,
					"unit": "bonus"
				}
			],
			"range": {
				"type": "point",
				"distance": {
					"type": "self"
				}
			},
			"components": {
				"v": true,
				"s": true,
				"m": {
					"text": "a delerium shard worth 500 gp, which the spell consumes",
					"cost": 50000,
					"consume": true
				}
			},
			"duration": [
				{
					"type": "timed",
					"duration": {
						"type": "minute",
						"amount": 1
					}
				}
			],
			"entries": [
				"When you cast this spell, you gain one {@adventure level of contamination|DoDk|12}. You draw unrestrained arcane magic from the delerium shard you hold in your hand. Until the spell ends, you gain the following benefits:",
				{
					"type": "list",
					"items": [
						"When you cast a spell that deals acid, fire, cold, lightning, or poison damage, you can change the damage type to force, necrotic, psychic, or radiant damage.",
						"Once per turn when you deal damage with a spell, you can deal an extra {@damage 1d12} necrotic damage for each {@adventure contamination level|DoDk|12} you have gained to one target of that spell.",
						"When you cast a spell that forces a creature to make a saving throw to resist its effects, you can choose to gain one {@adventure level of contamination|DoDk|12}. If you do, one target of the spell has disadvantage on its first saving throw made against that spell."
					]
				},
				"This spell can't be dispelled by {@spell dispel magic}."
			],
			"damageInflict": [
				"necrotic"
			],
			"hasFluff": true
		},
		{
			"name": "Contamination Immunity",
			"source": "DoDk",
			"page": 226,
			"level": 7,
			"school": "A",
			"time": [
				{
					"number": 1,
					"unit": "minute"
				}
			],
			"range": {
				"type": "point",
				"distance": {
					"type": "touch"
				}
			},
			"components": {
				"v": true,
				"s": true,
				"m": {
					"text": "An eldritch lily mixed into 250 gp worth of specially-prepared purified fluids, which the spell consumes",
					"cost": 25000,
					"consume": true
				}
			},
			"duration": [
				{
					"type": "timed",
					"duration": {
						"type": "hour",
						"amount": 24
					}
				}
			],
			"entries": [
				"Until the spell ends, one willing creature you touch is immune to necrotic damage and cannot gain {@adventure contamination levels|DoDk|12}. The affected creature may rest normally within the Haze.",
				"This spell ends immediately if the creature casts a contaminated spell."
			],
			"hasFluff": true
		},
		{
			"name": "Delerium Blast",
			"source": "DoDk",
			"page": 227,
			"level": 4,
			"school": "V",
			"subschools": [
				"contaminated"
			],
			"time": [
				{
					"number": 1,
					"unit": "action"
				}
			],
			"range": {
				"type": "point",
				"distance": {
					"type": "feet",
					"amount": 150
				}
			},
			"components": {
				"v": true,
				"s": true,
				"m": {
					"text": "a delerium fragment worth 100 gp, which the spell consumes",
					"cost": 10000,
					"consume": true
				}
			},
			"duration": [
				{
					"type": "instant"
				}
			],
			"entries": [
				"When you cast this spell, you gain one {@adventure level of contamination|DoDk|12}.",
				"You ignite arcane energies stored inside a delerium fragment held in your hand, and hurl it towards a space you can see within range. It explodes in a 20-foot-radius sphere of erratic psychic energy that overwhelms the minds and senses of those within. Each creature in the sphere must succeed on an Intelligence saving throw. On a failed save, a creature takes ({@dice 10d6}) psychic damage and becomes {@condition incapacitated} until the end of their next turn. On a successful save, a target takes half as much damage and suffers none of the spell's other effects."
			],
			"entriesHigherLevel": [
				{
					"type": "entries",
					"name": "At Higher Levels",
					"entries": [
						"When you cast this spell using a spell slot of 5th level or higher, the damage increases by {@dice 2d6} for each slot level above 4th."
					]
				}
			],
			"conditionInflict": [
				"incapacitated"
			],
			"savingThrow": [
				"intelligence"
			],
			"miscTags": [
				"SGT"
			]
		},
		{
			"name": "Delerium Orb",
			"source": "DoDk",
			"page": 227,
			"level": 1,
			"school": "V",
			"subschools": [
				"contaminated"
			],
			"time": [
				{
					"number": 1,
					"unit": "action"
				}
			],
			"range": {
				"type": "point",
				"distance": {
					"type": "feet",
					"amount": 120
				}
			},
			"components": {
				"v": true,
				"s": true,
				"m": {
					"text": "a delerium fragment worth 100 gp, which the spell consumes",
					"cost": 10000,
					"consume": true
				}
			},
			"duration": [
				{
					"type": "instant"
				}
			],
			"entries": [
				"When you cast this spell, you gain one {@adventure level of contamination|DoDk|12}. You draw chaotic magical power from the delerium fragment held in your hand, and blast a creature you can see within range with paradoxical power. Choose one ability score, then choose cold, fire, lightning, necrotic, psychic, or radiant damage. The target must succeed on a saving throw using the chosen ability score; it takes {@damage 6d6} damage of the chosen type on a failed saving throw, or half as much on a successful one."
			],
			"entriesHigherLevel": [
				{
					"type": "entries",
					"name": "At Higher Levels",
					"entries": [
						"When you cast this spell using a spell slot of 2nd level or higher, the damage increases by {@dice 2d6} for each slot level above 1st."
					]
				}
			],
			"miscTags": [
				"SGT"
			]
		},
		{
			"name": "Forced Evolution",
			"source": "DoDk",
			"page": 227,
			"level": 4,
			"school": "T",
			"time": [
				{
					"number": 8,
					"unit": "hour"
				}
			],
			"range": {
				"type": "point",
				"distance": {
					"type": "touch"
				}
			},
			"components": {
				"v": true,
				"s": true,
				"m": {
					"text": "An alchemical cocktail made from rare components and delerium dust worth 250 gold, which the target consumes as part of the spell",
					"consume": true
				}
			},
			"duration": [
				{
					"type": "instant"
				}
			],
			"entries": [
				"By means of this spell, you transform a mutation gained from {@adventure contamination|DoDk|12}. One of the target's existing mutations is removed and is replaced by a different one. This mutation may be chosen by the Game Master or determined randomly (see Appendix C of Dungeons of Drakkenheim)."
			]
		},
		{
			"name": "Neutralizing Field",
			"source": "DoDk",
			"page": 228,
			"level": 5,
			"school": "A",
			"time": [
				{
					"number": 1,
					"unit": "action"
				}
			],
			"range": {
				"type": "sphere",
				"distance": {
					"type": "feet",
					"amount": 10
				}
			},
			"components": {
				"v": true,
				"s": true,
				"m": {
					"text": "A delerium crystal or holy relic worth 1,000 gp",
					"cost": 100000
				}
			},
			"duration": [
				{
					"type": "timed",
					"duration": {
						"type": "hour",
						"amount": 1
					},
					"concentration": true
				}
			],
			"entries": [
				"You negate contaminated magical energies in a 10-foot radius sphere. Until the spell ends, the sphere moves with you, centred on you. Creatures in the sphere (including you) can't gain {@adventure contamination levels|DoDk|12} and have immunity to necrotic damage. Contaminated spells can't be cast by creatures in the area."
			],
			"hasFluff": true
		},
		{
			"name": "Octarine Spray",
			"source": "DoDk",
			"page": 228,
			"level": 7,
			"school": "V",
			"subschools": [
				"contaminated"
			],
			"time": [
				{
					"number": 1,
					"unit": "action"
				}
			],
			"range": {
				"type": "cone",
				"distance": {
					"type": "feet",
					"amount": 60
				}
			},
			"components": {
				"v": true,
				"s": true,
				"m": {
					"text": "a delerium fragment worth 100 gp, which the spell consumes",
					"cost": 10000,
					"consume": true
				}
			},
			"duration": [
				{
					"type": "instant"
				}
			],
			"entries": [
				"When you cast this spell, you gain one {@adventure level of contamination|DoDk|12}. Octarine rays of light flash from your hand. Each ray is a different colour and has a different power and purpose, see the table below. Each creature in a 60-foot cone must succeed on a Constitution saving throw. For each target, roll a {@dice d8} to determine which colour ray affects it.",
				{
					"type": "table",
					"colStyles": [
						"col-2 text-center",
						"col-10"
					],
					"colLabels": [
						"d8",
						"Octarine Spray Effect"
					],
					"rows": [
						[
							"1",
							"The target takes {@damage 20d6} psychic damage on a failed save, or half as much damage on a success."
						],
						[
							"2",
							"The target takes {@damage 20d6} necrotic damage on a failed save, or half as much damage on a success."
						],
						[
							"3",
							"The target takes {@damage 20d6} force damage on a failed save, or half as much damage on a success."
						],
						[
							"4",
							"The target takes {@damage 20d6} radiant damage on a failed save, or half as much damage on a success."
						],
						[
							"5",
							"The target takes {@damage 20d6} thunder damage on a failed save, or half as much damage on a success."
						],
						[
							"6",
							"At the start of each of its turns, the affected target uses all its movement to move directly towards the closest creature it can see. Then, the affected target uses its action to make a melee attack against a randomly determined creature within its reach. If there is no creature within its reach, the affected target does nothing this turn. At the end of each of its turns, the affected target can make a Wisdom saving throw. If it succeeds, this effect ends for that target."
						],
						[
							"7",
							"At the start of each of its turns, the affected target gains one {@adventure level of contamination|DoDk|12}. At the end of each of its turns, an affected target can make a Constitution saving throw. If it succeeds, this effect ends for that target, but any {@adventure contamination levels|DoDk|12} gained remain."
						],
						[
							"8",
							"{@b Special.} The target is struck by an additional ray. Roll again twice. There's no limit to how many additional rays can strike a single creature in this manner."
						]
					]
				}
			],
			"damageInflict": [
				"force",
				"necrotic",
				"psychic",
				"radiant",
				"thunder"
			],
			"savingThrow": [
				"constitution",
				"wisdom"
			],
			"miscTags": [
				"RO"
			]
		},
		{
			"name": "Purge Contamination",
			"source": "DoDk",
			"page": 228,
			"level": 3,
			"school": "A",
			"time": [
				{
					"number": 1,
					"unit": "hour"
				}
			],
			"range": {
				"type": "point",
				"distance": {
					"type": "touch"
				}
			},
			"components": {
				"v": true,
				"s": true,
				"m": {
					"text": "100 gp of alchemical fluids or holy water, which the spell consumes",
					"cost": 10000,
					"consume": true
				}
			},
			"duration": [
				{
					"type": "instant"
				}
			],
			"entries": [
				"You apply alchemical fluids or holy water to a contaminated humanoid creature while reciting an exacting magical chant that expels eldritch contaminants from the target's body. When you finish casting the spell, all {@adventure contamination levels|DoDk|12} and mutations are removed from the creature. It then gains one level of {@condition exhaustion} for each {@adventure contamination level|DoDk|12} removed with this spell."
			],
			"conditionInflict": [
				"exhaustion"
			]
		},
		{
			"name": "Ray of Contamination",
			"source": "DoDk",
			"page": 229,
			"level": 6,
			"school": "N",
			"subschools": [
				"contaminated"
			],
			"time": [
				{
					"number": 1,
					"unit": "action"
				}
			],
			"range": {
				"type": "point",
				"distance": {
					"type": "feet",
					"amount": 60
				}
			},
			"components": {
				"v": true,
				"s": true,
				"m": {
					"text": "a delerium fragment worth 100 gp, which the spell consumes",
					"cost": 10000,
					"consume": true
				}
			},
			"duration": [
				{
					"type": "instant"
				}
			],
			"entries": [
				"When you cast this spell, you gain one {@adventure level of contamination|DoDk|12}. An octarine ray springs from your pointing finger to a creature that you can see within range. The target must succeed on a Constitution saving throw. On a failed save, a creature takes {@damage 16d6} necrotic damage and gains {@dice 1d4} {@adventure levels of contamination|DoDk|12}. On a successful save, a target takes half as much damage and does not gain any {@adventure contamination levels|DoDk|12}."
			],
			"entriesHigherLevel": [
				{
					"type": "entries",
					"name": "At Higher Levels",
					"entries": [
						"When you cast this spell using a spell slot of 7th level or higher, you can target one additional creature for each slot level above 6th. The creatures must be within 30 feet of each other when you target them."
					]
				}
			],
			"damageInflict": [
				"necrotic"
			],
			"savingThrow": [
				"constitution"
			],
			"miscTags": [
				"SGT"
			]
		},
		{
			"name": "Ride the Rifts",
			"source": "DoDk",
			"page": 228,
			"level": 3,
			"school": "C",
			"subschools": [
				"contaminated"
			],
			"time": [
				{
					"number": 1,
					"unit": "action"
				}
			],
			"range": {
				"type": "line",
				"distance": {
					"type": "feet",
					"amount": 60
				}
			},
			"components": {
				"v": true,
				"s": true,
				"m": {
					"text": "a delerium fragment worth 100 gp, which the spell consumes",
					"cost": 10000,
					"consume": true
				}
			},
			"duration": [
				{
					"type": "instant"
				}
			],
			"entries": [
				"When you cast this spell, you gain one {@adventure level of contamination|DoDk|12}. A stroke of eldritch lightning forming a line 60 feet long and 5 feet wide blasts out from you in a direction you choose. Each creature in the line must succeed on a Dexterity saving throw. A creature takes {@damage 10d6} lightning damage on a failed save, or half as much damage on a successful one. You then teleport to an unoccupied space you can see within the line's area."
			],
			"entriesHigherLevel": [
				{
					"type": "entries",
					"name": "At Higher Levels",
					"entries": [
						"When you cast this spell using a spell slot of 4th level or higher, the damage increases by {@dice 2d6} for each slot level above 3rd."
					]
				}
			],
			"damageInflict": [
				"lightning"
			],
			"savingThrow": [
				"dexterity"
			],
			"miscTags": [
				"SGT"
			]
		},
		{
			"name": "Sacrament of the Falling Fire",
			"source": "DoDk",
			"page": 229,
			"level": 9,
			"school": "A",
			"time": [
				{
					"number": 1,
					"unit": "hour"
				}
			],
			"range": {
				"type": "point",
				"distance": {
					"type": "feet",
					"amount": 30
				}
			},
			"components": {
				"v": true,
				"s": true,
				"m": {
					"text": "a delerium fragment worth 100 gp for each participating creature, which the spell consumes",
					"cost": 10000,
					"consume": true
				}
			},
			"duration": [
				{
					"type": "instant"
				}
			],
			"entries": [
				"This spell may only be cast in an area covered by the Deep Haze.",
				"You perform a holy ceremony involving up to 12 faithful and willing humanoid creatures that ends when each participating creature drives a delerium shard into their chest. Those creatures become sanctified (see the Followers of the Falling Fire dossier in chapter 3 of Dungeons of Drakkenheim).",
				"When you finish casting this spell, a hostile {@creature shadow} appears and attacks each participant, as a manifestation of that character's inner darkness. The GM may determine that a character who carries great anger, fear, or hate in their heart causes a {@creature wraith} to manifest instead."
			]
		},
		{
			"name": "Siphon Contamination",
			"source": "DoDk",
			"page": 229,
			"level": 6,
			"school": "T",
			"time": [
				{
					"number": 1,
					"unit": "hour"
				}
			],
			"range": {
				"type": "point",
				"distance": {
					"type": "touch"
				}
			},
			"components": {
				"v": true,
				"s": true,
				"m": {
					"text": "500 gp worth of specially-prepared alchemical fluids and a delerium geode worth 5,000 gp, all of which are consumed by the spell",
					"cost": 50000,
					"consume": true
				}
			},
			"duration": [
				{
					"type": "instant"
				}
			],
			"entries": [
				"This demanding spell transfers {@adventure contamination|DoDk|12} from one creature to another. When you cast this spell, you must first touch either a willing humanoid creature with one or more {@adventure levels of contamination|DoDk|12}, or a former humanoid creature whose current form is the result of a monstrous transformation. You then touch a different willing humanoid creature.",
				"If both creatures touched were willing humanoid creatures, you remove all {@adventure contamination levels|DoDk|12} and mutations from the first creature, then the second creature you touch gains a number of {@adventure contamination levels|DoDk|12} equal to the number of levels removed from the first creature.",
				"If the first creature you touch is a former humanoid who suffered a monstrous {@adventure contamination|DoDk|12}, and the second creature is a willing humanoid creature with a character level or challenge rating equal to or higher than the challenge rating of the transformed creature, you restore the fully contaminated creature to its original form, then the humanoid creature immediately undergoes a monstrous transformation as if it had gained six {@adventure contamination levels|DoDk|12}.",
				"The second creature touched cannot prevent or negate these {@adventure contamination levels|DoDk|12} or an ensuing transformation in any way, or else the spell fails with no effect."
			],
			"hasFluff": true
		},
		{
			"name": "Warp Bolt",
			"source": "DoDk",
			"page": 229,
			"level": 2,
			"school": "V",
			"subschools": [
				"contaminated"
			],
			"time": [
				{
					"number": 1,
					"unit": "action"
				}
			],
			"range": {
				"type": "point",
				"distance": {
					"type": "feet",
					"amount": 60
				}
			},
			"components": {
				"v": true,
				"s": true,
				"m": {
					"text": "a delerium fragment worth 100 gp, which the spell consumes",
					"cost": 10000,
					"consume": true
				}
			},
			"duration": [
				{
					"type": "timed",
					"duration": {
						"type": "minute",
						"amount": 1
					},
					"concentration": true
				}
			],
			"entries": [
				"When you cast this spell, you gain one {@adventure level of contamination|DoDk|12}. An arcing bolt of octarine lightning strikes a creature within range. If the target has one or more {@adventure contamination levels|DoDk|12}, it is hit automatically. Otherwise, make a ranged spell attack against that creature. On a hit, the target takes {@damage 6d6} necrotic damage and gains one {@adventure level of contamination|DoDk|12}.",
				"You can create a new bolt of lightning as your action on any turn until the spell ends."
			],
			"entriesHigherLevel": [
				{
					"type": "entries",
					"name": "At Higher Levels",
					"entries": [
						"When you cast this spell using a spell slot of 3rd level or higher, you can target 1 additional creature for each spell level above 2nd."
					]
				}
			],
			"damageInflict": [
				"necrotic"
			],
			"spellAttack": [
				"R"
			]
		}
	]
}
